date,weekday,steps,steps_source,temp_max_c,temp_min_c,temp_mean_c,feels_max_c,feels_min_c,precipitation_mm,rain_mm,snowfall_cm,wind_max_kmh,wind_gusts_kmh,sunshine_hours,weather_code,weather_label,total_plays,minutes_listened,unique_tracks,unique_artists,top_artist,top_artist_minutes,top_album,album_signature_artist,album_signature_hex,library_match_ratio,discovery_streams,late_night_streams,morning_streams,search_count,podcast_minutes,dominant_color_hex,screen_total_min,screen_productivity_min,screen_social_min,screen_entertainment_min,screen_other_min,screen_source
2025-08-26,Tuesday,514,Şeymanur’s iPhone,26.4,19.0,22.7,25.2,18.6,0.0,0.0,0,20.3,50.8,12.43,3,overcast,46,143.9,37,11,Büyük Ev Ablukada,93.7,FIRTINAYT,Büyük Ev Ablukada,#1E3A6B,0.325,27,0,22,0,0,#DC2C99,743,376,119,42,206,mock
2025-08-27,Wednesday,4709,Şeyma’s iPhone,26.9,20.1,23.3,25.5,19.7,0.0,0.0,0,24.6,59.0,12.11,3,overcast,114,231.0,64,32,The Neighbourhood,53.4,I Love You.,The Neighbourhood,#A6121A,0.507,37,6,18,0,0,#DC2C5B,666,292,141,68,165,mock
2025-08-28,Thursday,7992,Şeyma’s iPhone,27.4,20.7,23.7,26.5,20.5,0.0,0.0,0,24.9,59.8,12.28,3,overcast,74,199.7,53,32,Radiohead,13.7,Random Access Memories,Daft Punk,#D4A24C,0.466,31,21,22,0,0,#DC8D2C,625,338,108,33,146,mock
2025-08-29,Friday,18386,Şeyma’s iPhone,29.5,21.4,24.8,30.4,22.6,0.0,0.0,0,18.9,46.1,12.04,2,partly_cloudy,18,19.0,7,6,Daft Punk,5.8,Random Access Memories,Daft Punk,#D4A24C,0.75,2,2,1,0,0,#DC8D2C,719,374,145,61,139,mock
2025-08-30,Saturday,20851,Şeyma’s iPhone,29.2,19.8,24.2,31.8,23.2,0.0,0.0,0,10.6,32.4,12.08,3,overcast,4,11.4,3,2,Franz Ferdinand,7.6,Franz Ferdinand,Franz Ferdinand,#E89A2A,0.75,1,4,0,0,0,#AA2CDC,506,263,100,28,115,mock
2025-08-31,Sunday,8249,Şeyma’s iPhone,33.5,20.3,26.8,33.1,21.9,0.0,0.0,0,12.5,31.3,12.06,1,mostly_clear,11,16.9,7,4,The Marías,7.8,Comedown Machine,The Strokes,#D6312C,0.714,2,0,0,0,0,#43DC2C,633,298,103,77,155,mock
2025-09-01,Monday,10071,Şeyma’s iPhone,30.4,21.3,25.9,31.8,24.5,0.0,0.0,0,11.5,32.0,12.08,1,mostly_clear,49,106.7,35,22,The Marías,25.0,Teen Dream,Beach House,#F4E7B5,0.425,23,14,0,0,0,#672CDC,801,402,125,61,213,mock
2025-09-02,Tuesday,7472,Şeyma’s iPhone,30.9,20.3,25.4,31.9,21.5,0.0,0.0,0,15.0,39.6,12.0,0,clear,122,286.5,76,36,Franz Ferdinand,34.8,Ten,Pearl Jam,#A87838,0.444,45,0,37,0,0,#992CDC,764,428,144,62,130,mock
2025-09-03,Wednesday,7086,Şeyma’s iPhone,30.6,20.5,24.9,30.7,23.3,0.0,0.0,0,19.0,47.5,12.02,3,overcast,140,252.9,59,33,Franz Ferdinand,22.2,Comedown Machine,The Strokes,#D6312C,0.562,32,8,5,0,0,#43DC2C,725,402,135,63,125,mock
2025-09-04,Thursday,7118,Şeyma’s iPhone,28.9,22.0,25.0,29.0,23.4,0.0,0.0,0,25.3,61.2,12.0,3,overcast,137,283.1,67,41,The Marías,23.3,No One Noticed (Extended),The Marías,#3F6E84,0.408,45,15,37,0,0,#752CDC,800,404,116,53,227,mock
2025-09-05,Friday,4832,Şeyma’s iPhone,28.3,23.0,24.9,28.3,23.6,0.0,0.0,0,25.2,60.8,12.0,3,overcast,66,183.8,44,22,Daft Punk,55.1,Discovery,Daft Punk,#C9CCD1,0.373,32,13,10,0,0,#2C9FDC,479,232,92,45,110,mock
2025-09-06,Saturday,2437,Şeyma’s iPhone,23.1,19.3,21.3,24.7,20.9,12.2,12.2,0,18.2,40.3,0.41,61,rain_light,62,192.7,49,25,Bad Bunny,47.2,The Queen Is Dead,The Smiths,#2C3F33,0.151,45,30,0,0,0,#2CDCC2,434,215,78,20,121,mock
2025-09-07,Sunday,4027,Şeyma’s iPhone,24.4,19.1,21.4,23.6,20.3,0.4,0.4,0,20.4,50.0,8.78,51,drizzle_light,52,166.5,45,25,Radiohead,33.6,OK Computer,Radiohead,#9FB7C8,0.457,25,8,0,0,0,#2C4CDC,519,295,76,38,110,mock
2025-09-08,Monday,6651,Şeyma’s iPhone,25.0,18.2,21.2,25.1,19.6,0.5,0.5,0,17.1,40.0,12.0,51,drizzle_light,95,256.2,73,40,Kanye West,36.1,La La Land,Justin Hurwitz,#3FA8A7,0.219,57,19,32,0,0,#96DC2C,595,338,87,39,131,mock
2025-09-09,Tuesday,11224,Şeyma’s iPhone,26.0,18.0,21.7,28.5,19.9,0.3,0.3,0,11.1,29.9,12.0,51,drizzle_light,48,94.6,27,11,Franz Ferdinand,30.8,"Girl, so confusing featuring lorde",Charli xcx,#E6E81F,0.278,26,0,21,0,0,#49DC2C,639,305,162,51,121,mock
2025-09-10,Wednesday,9519,Şeyma’s iPhone,27.5,17.1,22.1,29.9,18.6,0.0,0.0,0,14.3,33.5,12.0,2,partly_cloudy,1,0.0,0,0,,0,,,,0.0,0,0,0,0,0,,805,469,148,62,126,mock
2025-09-11,Thursday,6561,Şeyma’s iPhone,26.8,19.6,22.6,29.0,21.4,0.0,0.0,0,12.5,30.6,11.45,3,overcast,47,128.3,33,11,Franz Ferdinand,87.7,You Could Have It So Much Better,Franz Ferdinand,#EF9107,0.342,25,0,8,0,0,#2CDCA4,569,283,110,43,133,mock
2025-09-12,Friday,8166,Şeyma’s iPhone,26.3,19.9,22.5,27.9,21.5,0.6,0.6,0,17.8,42.1,11.84,51,drizzle_light,23,79.3,22,5,Bad Bunny,39.4,Franz Ferdinand,Franz Ferdinand,#E89A2A,0.13,20,1,0,0,0,#AA2CDC,434,220,88,58,68,mock
2025-09-13,Saturday,16055,Şeyma’s iPhone,25.5,20.2,22.5,25.3,21.1,0.0,0.0,0,21.2,52.9,12.0,2,partly_cloudy,55,74.9,23,10,Franz Ferdinand,31.9,Franz Ferdinand,Franz Ferdinand,#E89A2A,0.296,19,0,2,0,0,#AA2CDC,436,213,66,39,118,mock
2025-09-14,Sunday,12176,Şeyma’s iPhone,24.8,19.5,21.5,23.8,18.9,0.0,0.0,0,22.7,53.3,12.0,2,partly_cloudy,11,11.0,4,2,sombr,6.7,Franz Ferdinand,Franz Ferdinand,#E89A2A,0.25,3,0,0,0,0,#AA2CDC,560,321,128,43,68,mock
2025-09-15,Monday,2957,Şeyma’s iPhone,24.9,18.6,21.2,23.8,18.9,0.0,0.0,0,17.3,42.5,12.0,1,mostly_clear,112,336.7,85,54,Snowy White,29.9,The Joshua Tree,U2,#0A0A0A,0.364,56,0,32,0,0,#2CDCD0,487,230,79,41,137,mock
2025-09-16,Tuesday,6780,Şeyma’s iPhone,26.8,16.2,21.4,27.1,17.1,0.0,0.0,0,14.6,37.4,12.0,0,clear,150,429.3,100,47,Radiohead,48.2,Grace,Jeff Buckley,#8A2F4E,0.448,64,6,44,0,0,#70DC2C,656,349,118,43,146,mock
2025-09-17,Wednesday,5945,Şeyma’s iPhone,27.9,17.0,21.5,28.6,16.4,0.1,0.1,0,19.6,42.1,9.54,51,drizzle_light,77,191.1,52,35,Radiohead,28.8,OK Computer,Radiohead,#9FB7C8,0.444,30,17,20,0,0,#2C4CDC,610,350,107,36,117,mock
2025-09-18,Thursday,3753,Şeyma’s iPhone,22.0,17.0,19.3,19.4,16.0,2.7,2.7,0,20.9,50.8,12.0,55,drizzle_dense,46,108.2,24,13,Lorde,38.0,Melodrama,Lorde,#2B4FB8,0.273,24,0,29,0,0,#DC2CA4,605,342,85,35,143,mock
2025-09-19,Friday,1665,Şeyma’s iPhone,23.2,17.5,20.3,20.3,16.3,0.0,0.0,0,20.6,48.2,12.0,3,overcast,55,172.3,44,28,Radiohead,33.9,OK Computer,Radiohead,#9FB7C8,0.438,27,1,0,0,0,#2C4CDC,549,308,104,59,78,mock
2025-09-20,Saturday,4055,Şeyma’s iPhone,23.8,15.2,19.7,21.9,14.9,0.0,0.0,0,19.8,46.1,12.0,3,overcast,62,109.6,33,19,Charli xcx,16.5,OK Computer,Radiohead,#9FB7C8,0.297,26,0,0,0,0,#2C4CDC,678,355,121,57,145,mock
2025-09-21,Sunday,14686,Şeyma’s iPhone,24.8,17.0,20.8,23.1,17.2,0.0,0.0,0,21.7,52.2,11.97,3,overcast,186,336.5,98,53,Billie Eilish,19.1,The New Abnormal,The Strokes,#E94B8C,0.292,75,8,16,0,0,#DC2C9C,638,262,89,39,248,mock
2025-09-22,Monday,8961,Şeyma’s iPhone,26.4,18.8,21.9,27.3,18.8,0.0,0.0,0,18.1,44.3,11.94,0,clear,96,227.3,57,25,Daft Punk,83.3,Random Access Memories,Daft Punk,#D4A24C,0.417,35,0,39,0,0,#DC8D2C,814,323,134,83,274,mock
2025-09-23,Tuesday,5247,Şeyma’s iPhone,26.8,16.5,21.2,28.9,17.6,0.0,0.0,0,14.4,36.0,11.92,0,clear,42,92.5,24,7,Daft Punk,39.9,Random Access Memories,Daft Punk,#D4A24C,0.25,18,0,15,0,0,#DC8D2C,683,384,113,62,124,mock
2025-09-24,Wednesday,2196,Şeyma’s iPhone,25.9,15.3,20.5,27.1,16.6,0.0,0.0,0,14.9,38.5,11.83,2,partly_cloudy,86,247.8,67,27,PJ Harvey,73.0,"Stories From The City, Stories From The Sea",PJ Harvey,#C44A22,0.423,41,13,7,0,0,#8D2CDC,665,351,125,39,150,mock
2025-09-25,Thursday,5389,Şeyma’s iPhone,23.8,17.6,20.3,22.6,18.5,0.1,0.1,0,22.3,50.4,8.57,51,drizzle_light,131,306.2,84,33,PJ Harvey,73.7,"Stories From The City, Stories From The Sea",PJ Harvey,#C44A22,0.433,55,0,19,0,0,#8D2CDC,578,323,110,43,102,mock
2025-09-26,Friday,488,Şeyma’s iPhone,22.0,17.9,19.5,19.8,15.7,1.7,1.7,0,28.6,67.3,10.87,51,drizzle_light,23,94.2,23,14,PJ Harvey,21.3,"Stories From The City, Stories From The Sea",PJ Harvey,#C44A22,0.565,10,0,0,0,0,#8D2CDC,567,281,96,47,143,mock
2025-09-27,Saturday,679,Şeyma’s iPhone,20.4,16.6,18.0,16.6,13.6,0.0,0.0,0,25.6,59.4,9.13,3,overcast,21,32.0,10,7,Twenty One Pilots,8.7,Trench,Twenty One Pilots,#D4B33A,0.3,7,0,0,0,0,#DCD92C,597,310,96,49,142,mock
2025-09-28,Sunday,2862,Şeyma’s iPhone,21.3,15.9,17.9,18.4,14.1,0.5,0.5,0,20.0,47.5,5.81,51,drizzle_light,184,198.4,67,30,manifest,36.1,"Stories From The City, Stories From The Sea",PJ Harvey,#C44A22,0.197,57,0,0,0,0,#8D2CDC,459,281,76,27,75,mock
2025-09-29,Monday,6767,Şeyma’s iPhone,17.5,15.4,16.2,17.5,15.5,9.2,9.2,0,11.8,25.6,0.0,61,rain_light,152,250.6,78,45,Rainbow Kitten Surprise,19.4,Submarine,The Marías,#2E5A8C,0.277,60,13,29,0,0,#ADDC2C,535,282,105,24,124,mock
2025-09-30,Tuesday,4791,Şeyma’s iPhone,19.2,13.6,16.1,18.5,13.4,0.4,0.4,0,12.4,30.6,11.51,51,drizzle_light,41,151.7,37,13,PJ Harvey,28.6,Dummy,Portishead,#13235B,0.316,26,3,31,0,0,#2CDC55,681,344,121,62,154,mock
2025-10-01,Wednesday,8803,Şeyma’s iPhone,20.1,11.4,15.8,19.1,10.3,0.0,0.0,0,14.4,34.2,11.42,1,mostly_clear,177,273.5,74,39,Billie Eilish,29.5,OK Computer,Radiohead,#9FB7C8,0.425,46,11,42,0,0,#2C4CDC,420,227,76,36,81,mock
2025-10-02,Thursday,7874,Şeyma’s iPhone,21.5,14.2,17.8,19.7,12.7,0.0,0.0,0,24.3,55.4,10.66,3,overcast,87,166.8,43,29,Büyük Ev Ablukada,14.6,FIRTINAYT,Büyük Ev Ablukada,#1E3A6B,0.302,30,27,12,0,0,#DC2C99,572,284,124,32,132,mock
2025-10-03,Friday,4929,Şeyma’s iPhone,23.9,16.6,19.3,25.2,17.3,2.6,2.6,0,14.8,33.1,7.96,55,drizzle_dense,1,2.2,1,1,Mac DeMarco,2.2,,,,0.0,1,0,0,0,0,,506,242,101,27,136,mock
2025-10-04,Saturday,14318,Şeyma’s iPhone,19.8,15.1,17.3,18.6,15.5,2.8,2.8,0,26.0,64.1,10.8,53,drizzle,17,39.0,12,12,Lana Del Rey,5.0,THE E.N.D. (THE ENERGY NEVER DIES),Black Eyed Peas,#2DC8E6,0.25,9,0,11,0,0,#DC2C9C,394,200,64,38,92,mock
2025-10-05,Sunday,7422,Şeyma’s iPhone,20.4,14.9,17.6,20.5,14.8,2.1,2.1,0,19.0,43.6,10.92,53,drizzle,85,105.3,32,20,Daft Punk,18.3,Submarine,The Marías,#2E5A8C,0.583,15,5,0,0,0,#ADDC2C,568,315,86,57,110,mock
2025-10-06,Monday,12395,Şeyma’s iPhone,21.5,15.9,18.6,21.6,15.8,0.0,0.0,0,11.7,28.1,10.83,3,overcast,101,161.9,45,23,The Marías,42.7,No One Noticed (Extended),The Marías,#3F6E84,0.389,33,5,15,0,0,#752CDC,554,270,107,49,128,mock
2025-10-07,Tuesday,12310,Şeyma’s iPhone,19.6,15.6,17.4,21.1,16.0,14.0,14.0,0,9.9,18.0,0.0,63,rain,31,53.3,14,9,Billie Eilish,24.7,Guitar Songs,Billie Eilish,#C9AEC4,0.556,8,0,2,0,0,#2CDCB9,736,417,126,60,133,mock
2025-10-08,Wednesday,13409,Şeyma’s iPhone,17.2,13.1,15.0,16.1,12.9,0.7,0.7,0,13.9,35.3,7.91,51,drizzle_light,18,20.8,9,6,Sabrina Carpenter,6.0,OMG,Suki Waterhouse,#9BC04A,0.111,8,0,6,0,0,#B92CDC,763,378,155,69,161,mock
2025-10-09,Thursday,14168,Şeyma’s iPhone,16.5,12.2,14.4,15.7,11.3,6.5,6.5,0,19.5,44.6,2.84,61,rain_light,68,66.8,23,13,Charli xcx,13.5,Who Really Cares,TV Girl,#E8B8C8,0.292,17,2,22,0,0,#DC2C93,740,396,162,72,110,mock
2025-10-10,Friday,11411,Şeyma’s iPhone,18.7,11.4,15.2,17.9,10.8,0.0,0.0,0,12.1,31.0,10.66,1,mostly_clear,25,12.3,5,4,ALIZADE,3.6,24/7,ALIZADE,#1A1A1A,0.2,4,1,0,0,0,#812CDC,466,225,81,36,124,mock
2025-10-11,Saturday,5463,Şeyma’s iPhone,16.2,11.1,14.0,15.9,9.2,7.1,7.1,0,14.3,38.2,0.15,61,rain_light,29,50.8,16,10,Charli xcx,12.5,Escapism.,RAYE,#C16A55,0.158,16,0,2,0,0,#75DC2C,480,250,87,37,106,mock
2025-10-12,Sunday,5862,Şeyma’s iPhone,16.8,9.4,12.7,15.7,7.7,0.9,0.9,0,11.2,26.3,4.62,53,drizzle,136,250.8,75,34,MARINA,31.1,Submarine,The Marías,#2E5A8C,0.286,55,3,0,0,0,#ADDC2C,472,224,95,45,108,mock
2025-10-13,Monday,11830,Şeyma’s iPhone,18.0,12.6,15.4,18.1,12.7,0.7,0.7,0,8.7,22.0,8.64,51,drizzle_light,77,104.3,26,15,MARINA,36.7,CUNTISSIMO,MARINA,#E84A8E,0.184,31,9,17,0,0,#2C64DC,771,386,114,62,209,mock
2025-10-14,Tuesday,12911,Şeyma’s iPhone,18.2,12.8,15.3,18.1,12.1,0.0,0.0,0,12.1,28.4,10.35,3,overcast,72,145.8,29,10,MARINA,59.0,"Stories From The City, Stories From The Sea",PJ Harvey,#C44A22,0.625,15,5,25,0,0,#8D2CDC,614,311,100,37,166,mock
2025-10-15,Wednesday,12127,Şeyma’s iPhone,18.5,12.4,14.9,17.7,12.0,0.2,0.2,0,13.9,32.8,10.28,51,drizzle_light,79,103.8,32,14,MARINA,26.3,"Stories From The City, Stories From The Sea",PJ Harvey,#C44A22,0.353,22,10,12,0,0,#8D2CDC,865,504,162,81,118,mock
2025-10-16,Thursday,9866,Şeyma’s iPhone,17.5,13.1,15.0,15.6,12.0,0.3,0.3,0,21.6,49.3,10.0,51,drizzle_light,55,114.7,37,21,Billie Eilish,27.1,CUNTISSIMO,MARINA,#E84A8E,0.2,32,18,18,0,0,#2C64DC,591,265,99,49,178,mock
2025-10-17,Friday,9536,Şeyma’s iPhone,21.0,14.9,16.9,20.1,13.5,0.9,0.9,0,16.7,38.5,10.16,53,drizzle,94,254.1,59,21,Tame Impala,54.4,Dummy,Portishead,#13235B,0.427,43,13,23,0,0,#2CDC55,522,285,102,49,86,mock
2025-10-18,Saturday,13464,Şeyma’s iPhone,19.1,13.7,16.2,20.1,14.1,0.4,0.4,0,6.5,18.0,5.44,51,drizzle_light,98,207.4,56,24,Gorillaz,75.8,Plastic Beach,Gorillaz,#0E4FA0,0.323,42,10,0,0,0,#2CDC49,486,227,88,10,161,mock
2025-10-19,Sunday,5256,Şeyma’s iPhone,16.4,13.0,14.9,16.0,12.1,8.8,8.8,0,16.4,40.3,4.39,61,rain_light,9,8.5,4,3,PJ Harvey,4.6,"Stories From The City, Stories From The Sea",PJ Harvey,#C44A22,0.75,1,0,0,0,0,#8D2CDC,547,302,88,42,115,mock
2025-10-20,Monday,7437,Şeyma’s iPhone,18.0,10.1,13.6,16.9,8.9,0.0,0.0,0,11.3,23.8,10.0,3,overcast,22,30.7,9,5,MARINA,14.9,CUNTISSIMO,MARINA,#E84A8E,0.4,6,0,0,0,0,#2C64DC,743,377,131,49,186,mock
2025-10-21,Tuesday,9971,Şeyma’s iPhone,19.1,9.4,14.0,18.2,7.4,0.0,0.0,0,11.9,24.8,9.85,3,overcast,77,133.0,35,24,The Marías,16.5,Submarine,The Marías,#2E5A8C,0.333,28,9,21,0,0,#ADDC2C,543,291,95,80,77,mock
2025-10-22,Wednesday,6965,Şeyma’s iPhone,19.9,12.4,16.0,20.6,11.8,0.0,0.0,0,8.6,24.1,10.0,3,overcast,33,66.1,18,12,Hozier,24.1,The New Abnormal,The Strokes,#E94B8C,0.238,16,8,0,0,0,#DC2C9C,639,306,101,51,181,mock
2025-10-23,Thursday,9527,Şeyma’s iPhone,20.0,15.8,17.6,21.1,16.3,1.1,1.1,0,17.8,36.7,9.88,53,drizzle,69,143.4,42,20,The Marías,20.4,Submarine,The Marías,#2E5A8C,0.432,25,6,18,0,0,#ADDC2C,732,361,136,47,188,mock
2025-10-24,Friday,7013,Şeyma’s iPhone,23.1,17.0,19.5,21.9,16.8,33.7,33.7,0,23.1,52.9,9.18,65,rain_heavy,71,174.4,42,19,Tame Impala,41.3,OK Computer,Radiohead,#9FB7C8,0.271,35,0,38,0,0,#2C4CDC,543,283,92,43,125,mock
2025-10-25,Saturday,5469,Şeyma’s iPhone,18.0,14.5,16.2,18.1,14.1,44.9,44.9,0,12.7,31.0,8.64,65,rain_heavy,45,88.3,22,15,Massive Attack,17.2,"Stories From The City, Stories From The Sea",PJ Harvey,#C44A22,0.56,11,0,0,0,0,#8D2CDC,445,231,71,45,98,mock
2025-10-26,Sunday,8259,Şeyma’s iPhone,20.2,12.8,16.7,19.8,12.5,0.0,0.0,0,19.5,39.6,9.58,3,overcast,57,106.1,28,24,Radiohead,12.8,Dummy,Portishead,#13235B,0.633,11,7,1,0,0,#2CDC55,517,238,80,43,156,mock
2025-10-27,Monday,8596,Şeyma’s iPhone,24.1,14.6,18.9,23.5,13.3,12.6,12.6,0,25.3,56.9,8.72,63,rain,13,27.4,8,6,RAYE,6.3,Dirty,Sonic Youth,#3E8FB8,0.625,3,0,2,0,0,#DC2CA7,746,431,124,65,126,mock
2025-10-28,Tuesday,7514,Şeyma’s iPhone,18.8,11.5,15.1,19.1,11.0,1.5,1.5,0,15.2,34.6,7.46,53,drizzle,68,147.7,37,12,The Weeknd,82.7,Hurry Up Tomorrow,The Weeknd,#C0392B,0.227,34,0,22,0,0,#2C90DC,929,476,133,61,259,mock
2025-10-29,Wednesday,12541,Şeyma’s iPhone,17.0,9.8,13.0,15.5,7.8,0.0,0.0,0,9.5,25.2,9.98,1,mostly_clear,8,24.8,7,6,Beach House,8.5,Songs of Her's,Her's,#9E2467,0.429,4,0,0,0,0,#64DC2C,830,483,179,48,120,mock
2025-10-30,Thursday,12313,Şeyma’s iPhone,19.9,7.6,13.0,18.7,5.5,0.0,0.0,0,7.3,19.8,9.96,2,partly_cloudy,38,85.9,25,13,Blonde Redhead,27.5,Misery Is a Butterfly,Blonde Redhead,#6B8DA6,0.577,11,4,4,0,0,#DC2CB9,826,407,118,71,230,mock
2025-10-31,Friday,9356,Şeyma’s iPhone,17.5,12.6,14.5,16.9,11.9,0.0,0.0,0,12.2,29.5,9.94,3,overcast,67,238.8,46,30,Beach House,25.7,Tyranny,The Voidz,#7A1B1B,0.39,36,1,28,0,0,#4C2CDC,768,370,149,26,223,mock
2025-11-01,Saturday,5262,Şeyma’s iPhone,20.2,9.8,14.4,20.0,8.6,0.0,0.0,0,11.7,27.0,9.92,3,overcast,82,224.4,54,23,No Clear Mind,50.7,Teen Dream,Beach House,#F4E7B5,0.286,40,7,0,0,0,#672CDC,641,329,136,60,116,mock
2025-11-02,Sunday,5598,Şeyma’s iPhone,20.0,12.4,15.2,20.3,11.4,0.0,0.0,0,12.5,28.4,8.16,3,overcast,88,204.0,48,30,TV Girl,28.5,Who Really Cares,TV Girl,#E8B8C8,0.532,29,44,0,0,0,#DC2C93,672,377,88,52,155,mock
2025-11-03,Monday,8979,Şeyma’s iPhone,18.1,11.2,14.6,18.9,11.1,0.0,0.0,0,11.2,27.0,9.88,3,overcast,85,169.4,42,28,The Strokes,23.7,Comedown Machine,The Strokes,#D6312C,0.471,27,8,8,0,0,#43DC2C,879,510,142,65,162,mock
2025-11-04,Tuesday,12961,Şeyma’s iPhone,20.5,12.9,15.8,21.4,13.0,0.0,0.0,0,16.5,36.4,9.5,3,overcast,71,193.9,49,27,The Last Dinner Party,44.1,From The Pyre,The Last Dinner Party,#7AA76B,0.295,43,6,19,0,0,#2C90DC,792,389,158,53,192,mock
2025-11-05,Wednesday,10505,Şeyma’s iPhone,18.6,14.5,15.9,18.0,14.2,4.9,4.9,0,19.1,42.1,6.79,61,rain_light,80,164.6,40,22,The Last Dinner Party,47.9,From The Pyre,The Last Dinner Party,#7AA76B,0.727,15,9,14,0,2.0,#2C90DC,473,221,83,34,135,mock
2025-11-06,Thursday,5032,Şeyma’s iPhone,18.5,14.9,16.2,17.3,14.2,0.0,0.0,0,19.4,43.9,4.8,3,overcast,126,274.3,80,34,MARINA,78.8,Tyranny,The Voidz,#7A1B1B,0.415,48,1,34,0,0,#4C2CDC,570,312,68,58,132,mock
2025-11-07,Friday,411,Şeyma’s iPhone,19.5,14.6,16.6,20.4,15.0,2.5,2.5,0,14.1,29.9,6.44,55,drizzle_dense,47,131.1,34,20,Wallows,29.9,Nothing Happens,Wallows,#F2B5A0,0.289,27,0,33,0,0,#2C75DC,508,253,85,59,111,mock
2025-11-08,Saturday,5497,Şeyma’s iPhone,20.5,13.4,16.7,22.1,13.6,0.0,0.0,0,8.1,17.6,8.48,3,overcast,21,47.6,14,11,The Last Dinner Party,10.4,Prelude to Ecstasy,The Last Dinner Party,#B83A2E,0.5,7,8,0,0,0,#DC2C7E,458,267,73,45,73,mock
2025-11-09,Sunday,2077,Şeyma’s iPhone,20.5,13.8,17.0,20.7,13.5,0.0,0.0,0,8.7,20.5,9.55,3,overcast,99,191.1,55,29,The Marías,29.3,Phoenix,Charlotte Cardin,#F45A1F,0.441,33,10,0,0,0,#C5DC2C,498,267,52,36,143,mock
2025-11-10,Monday,9845,Şeyma’s iPhone,21.1,13.8,16.8,21.4,13.3,0.0,0.0,0,8.3,17.3,8.28,3,overcast,118,355.0,92,53,The Marías,27.1,Tyranny,The Voidz,#7A1B1B,0.367,62,11,49,0,0,#4C2CDC,599,286,116,62,135,mock
2025-11-11,Tuesday,15140,Şeyma’s iPhone,18.0,13.6,15.7,18.1,13.4,10.6,10.6,0,13.9,34.2,3.07,63,rain,131,209.1,65,30,Mitski,27.9,CUNTISSIMO,MARINA,#E84A8E,0.306,50,21,2,0,0.8,#2C64DC,751,434,138,50,129,mock
2025-11-12,Wednesday,7630,Şeyma’s iPhone,15.6,12.9,13.7,13.9,11.5,10.6,10.6,0,13.8,29.9,1.26,61,rain_light,67,98.6,26,15,RAYE,58.6,Escapism.,RAYE,#C16A55,0.167,30,0,0,0,0,#75DC2C,701,359,107,38,197,mock
2025-11-13,Thursday,8498,Şeyma’s iPhone,15.1,9.7,12.2,14.2,8.7,0.8,0.8,0,9.8,25.2,9.31,51,drizzle_light,58,137.8,33,20,RAYE,20.7,Dummy,Portishead,#13235B,0.462,21,13,5,0,0,#2CDC55,513,254,111,27,121,mock
2025-11-14,Friday,9394,Şeyma’s iPhone,15.2,6.2,10.7,14.1,4.9,0.3,0.3,0,6.5,14.4,9.32,51,drizzle_light,33,69.3,21,14,The Marías,12.5,Escapism.,RAYE,#C16A55,0.409,13,16,6,0,0,#75DC2C,574,307,102,50,115,mock
2025-11-15,Saturday,7984,Şeyma’s iPhone,14.6,6.5,10.5,13.3,4.8,0.0,0.0,0,6.4,15.8,9.52,2,partly_cloudy,88,121.1,32,19,TV Girl,30.7,Who Really Cares,TV Girl,#E8B8C8,0.526,18,0,0,0,0.0,#DC2C93,475,248,104,29,94,mock
2025-11-16,Sunday,4805,Şeyma’s iPhone,15.8,9.4,12.7,14.7,8.0,0.0,0.0,0,12.2,30.2,9.53,3,overcast,21,44.8,10,7,Radiohead,13.2,Random Access Memories,Daft Punk,#D4A24C,0.583,5,0,0,0,0,#DC8D2C,446,275,83,46,42,mock
2025-11-17,Monday,14536,Şeyma’s iPhone,18.4,12.8,15.9,16.6,11.1,0.0,0.0,0,25.7,54.0,9.16,3,overcast,25,29.8,9,8,The Last Dinner Party,5.9,Did My Best,The Voidz,#1CF743,0.556,4,2,3,0,0,#4CDC2C,605,355,124,63,63,mock
2025-11-18,Tuesday,7409,Şeyma’s iPhone,20.1,16.7,18.2,17.6,13.2,0.0,0.0,0,23.8,52.6,8.64,3,overcast,22,51.6,15,12,The Voidz,18.7,Tyranny,The Voidz,#7A1B1B,0.562,7,0,6,0,0.0,#4C2CDC,716,419,125,49,123,mock
2025-11-19,Wednesday,6698,Şeyma’s iPhone,19.6,15.9,17.5,18.6,14.4,0.0,0.0,0,18.7,37.8,5.68,3,overcast,49,82.9,24,18,Portishead,9.3,Dummy,Portishead,#13235B,0.615,10,2,6,0,0,#2CDC55,708,323,119,69,197,mock
2025-11-20,Thursday,10895,Şeyma’s iPhone,20.2,13.9,16.7,18.8,12.8,0.0,0.0,0,14.9,36.0,7.46,3,overcast,34,49.2,19,15,Mitski,9.2,OK Computer,Radiohead,#9FB7C8,0.474,10,0,7,0,0,#2C4CDC,616,355,79,49,133,mock
2025-11-21,Friday,14450,Şeyma’s iPhone,21.4,14.3,16.7,21.2,12.2,0.0,0.0,0,13.4,26.3,8.94,3,overcast,21,67.7,14,10,Blonde Redhead,14.1,Dummy,Portishead,#13235B,0.667,5,7,6,0,0,#2CDC55,625,328,104,71,122,mock
2025-11-22,Saturday,5717,Şeyma’s iPhone,21.1,13.0,16.8,20.3,11.4,0.0,0.0,0,12.3,23.4,8.47,3,overcast,38,89.4,26,22,ABBA,12.6,Super Trouper,ABBA,#F2A23C,0.778,6,4,0,0,0,#81DC2C,551,288,127,38,98,mock
2025-11-23,Sunday,5670,Şeyma’s iPhone,20.9,14.1,16.7,20.9,13.8,1.7,1.7,0,11.5,30.6,6.7,61,rain_light,74,129.1,42,36,Graham Coxon,12.3,Super Trouper,ABBA,#F2A23C,0.261,34,0,0,0,0,#81DC2C,610,336,88,62,124,mock
2025-11-24,Monday,10250,Şeyma’s iPhone,15.2,10.4,13.4,14.8,9.7,3.1,3.1,0,10.0,23.8,8.65,53,drizzle,44,68.1,13,11,ABBA,17.5,Super Trouper,ABBA,#F2A23C,0.818,4,0,15,0,0,#81DC2C,880,496,174,64,146,mock
2025-11-25,Tuesday,10092,Şeyma’s iPhone,14.6,9.1,11.5,12.1,7.8,0.0,0.0,0,11.1,27.4,9.07,3,overcast,74,110.2,22,17,Asaf Avidan,26.9,Super Trouper,ABBA,#F2A23C,0.343,23,1,15,0,0,#81DC2C,789,411,112,60,206,mock
2025-11-26,Wednesday,12376,Şeyma’s iPhone,17.9,11.2,13.9,16.6,9.5,0.0,0.0,0,10.8,25.6,8.12,3,overcast,32,51.0,12,9,Asaf Avidan,14.4,Melody of Certain Damaged Lemons,Blonde Redhead,#D8302E,0.333,10,1,1,0,0,#2CDC75,973,516,188,115,154,mock
2025-11-27,Thursday,10251,Şeyma’s iPhone,20.0,12.9,15.0,18.9,10.6,0.0,0.0,0,10.1,22.3,8.4,3,overcast,201,319.5,80,56,ABBA,34.5,Super Trouper,ABBA,#F2A23C,0.516,45,30,14,0,0,#81DC2C,848,411,155,90,192,mock
2025-11-28,Friday,15047,Şeyma’s iPhone,19.2,10.9,14.5,19.1,9.5,0.2,0.2,0,11.0,32.4,8.81,51,drizzle_light,68,199.9,44,25,Asaf Avidan,30.8,Super Trouper,ABBA,#F2A23C,0.4,33,18,9,0,0,#81DC2C,694,350,131,60,153,mock
2025-11-29,Saturday,6954,Şeyma’s iPhone,13.3,10.8,12.1,12.8,10.3,11.1,11.1,0,11.0,29.2,0.0,63,rain,52,99.3,24,18,Fontaines D.C.,13.5,Melody of Certain Damaged Lemons,Blonde Redhead,#D8302E,0.692,8,8,14,0,0,#2CDC75,681,396,148,53,84,mock
2025-11-30,Sunday,8226,Şeyma’s iPhone,13.6,10.1,11.5,12.1,8.8,1.6,1.6,0,10.6,30.6,7.92,51,drizzle_light,49,115.4,30,18,Radiohead,37.4,The New Abnormal,The Strokes,#E94B8C,0.485,17,0,0,0,0,#DC2C9C,693,306,138,68,181,mock
2025-12-01,Monday,14102,Şeyma’s iPhone,12.7,8.2,10.1,12.0,6.9,5.2,5.2,0,8.9,19.8,5.45,61,rain_light,140,218.4,58,38,Queen,28.3,Super Trouper,ABBA,#F2A23C,0.464,37,1,6,0,0,#81DC2C,748,397,145,44,162,mock
2025-12-02,Tuesday,10466,Şeyma’s iPhone,13.2,7.1,9.7,12.1,5.6,0.0,0.0,0,7.4,15.5,7.44,3,overcast,117,195.6,46,21,Doja Cat,32.3,In Rainbows,Radiohead,#E2541C,0.356,38,22,16,0,0,#DC992C,716,387,100,71,158,mock
2025-12-03,Wednesday,18172,Şeyma’s iPhone,14.4,5.9,9.9,13.7,4.2,0.0,0.0,0,7.8,15.8,7.76,3,overcast,125,142.1,39,17,ABBA,38.6,Voulez-Vous,ABBA,#1CA7D8,0.432,25,2,19,0,0,#2CDCAD,532,289,123,36,84,mock
2025-12-04,Thursday,7526,Şeyma’s iPhone,15.9,6.3,10.4,15.3,4.2,0.0,0.0,0,8.7,17.3,8.0,3,overcast,51,116.1,27,17,ABBA,40.8,Super Trouper,ABBA,#F2A23C,0.694,11,8,8,0,0,#81DC2C,515,232,90,63,130,mock
2025-12-05,Friday,9589,Şeyma’s iPhone,17.4,10.1,12.9,16.2,8.2,0.0,0.0,0,11.4,24.1,5.59,3,overcast,41,79.9,16,10,Sezen Aksu,21.0,Firuze,Sezen Aksu,#B97A38,0.667,8,3,9,0,0,#2CDCB3,496,288,82,33,93,mock
2025-12-06,Saturday,5119,Şeyma’s iPhone,19.0,12.7,14.9,18.1,11.4,0.6,0.6,0,15.6,31.7,8.51,53,drizzle,72,119.8,34,22,manifest,19.8,Begin to Hope,Regina Spektor,#E63A2E,0.342,25,6,0,0,0,#7EDC2C,478,137,127,98,116,mock
2025-12-07,Sunday,7042,Şeyma’s iPhone,13.9,10.7,12.2,13.2,7.2,41.7,41.7,0,24.9,50.4,1.88,65,rain_heavy,58,128.9,30,25,Regina Spektor,11.4,"Ах, как хочется жить",Alla Pugacheva,#6E6F3A,0.5,20,3,0,0,0,#DC2C5E,522,142,154,102,124,mock
2025-12-08,Monday,10409,Şeyma’s iPhone,10.7,7.9,9.7,7.5,4.8,1.5,1.5,0,20.8,46.8,0.0,53,drizzle,108,211.1,49,28,Ajda Pekkan,61.4,The Best Of Ajda Pekkan,Ajda Pekkan,#5B2E96,0.606,26,26,36,0,0.5,#8D2CDC,489,142,129,102,116,mock
2025-12-09,Tuesday,10030,Şeyma’s iPhone,10.5,7.4,8.6,7.4,4.9,0.1,0.1,0,14.4,34.9,1.21,51,drizzle_light,53,112.7,21,17,kl4ra,19.0,В последний раз,kl4ra,#6B4F7A,0.794,7,18,9,0,0,#2CDC7E,369,119,114,90,46,mock
2025-12-10,Wednesday,5519,Şeyma’s iPhone,11.4,5.3,8.2,9.7,3.3,0.0,0.0,0,9.4,21.2,8.05,3,overcast,46,100.1,27,21,ABBA,15.4,Super Trouper,ABBA,#F2A23C,0.586,12,2,16,0,0,#81DC2C,384,105,84,89,106,mock
2025-12-11,Thursday,8190,Şeyma’s iPhone,13.5,6.8,10.2,11.9,5.3,1.0,1.0,0,11.0,28.1,7.82,51,drizzle_light,64,108.4,36,25,manifest,17.7,The New Abnormal,The Strokes,#E94B8C,0.375,25,0,0,0,0,#DC2C9C,410,123,101,88,98,mock
2025-12-12,Friday,8915,Şeyma’s iPhone,12.1,6.3,9.4,11.4,4.9,0.1,0.1,0,8.9,18.7,6.08,51,drizzle_light,173,191.0,49,30,The Strokes,29.3,Comedown Machine,The Strokes,#D6312C,0.492,30,6,5,0,0,#43DC2C,391,114,109,84,84,mock
2025-12-13,Saturday,9790,Şeyma’s iPhone,12.6,9.1,10.4,10.0,7.0,1.0,1.0,0,15.2,31.7,7.81,53,drizzle,86,151.9,41,18,Kino,48.2,Последний герой,Kino,#D81E1E,0.5,22,11,31,0,0,#DC2C7B,505,159,132,97,117,mock
2025-12-14,Sunday,12360,Şeyma’s iPhone,11.2,7.2,9.2,9.5,5.2,0.5,0.5,0,9.4,26.6,7.25,51,drizzle_light,15,36.3,13,8,Kino,13.5,Группа крови,Kino,#E84C1A,0.308,9,1,0,0,0,#DC642C,469,157,111,118,83,mock
2025-12-15,Monday,12434,Şeyma’s iPhone,10.4,6.0,8.4,6.8,3.4,0.1,0.1,0,18.5,43.9,5.91,51,drizzle_light,29,48.8,16,12,Ajda Pekkan,7.3,Firuze,Sezen Aksu,#B97A38,0.706,5,13,0,0,0,#2CDCB3,413,107,112,80,114,mock
2025-12-16,Tuesday,8773,Şeyma’s iPhone,11.4,3.7,6.9,9.9,1.5,0.0,0.0,0,7.1,16.2,8.38,3,overcast,44,88.4,27,15,M Lisa,21.5,Super Trouper,ABBA,#F2A23C,0.188,26,8,6,0,0,#81DC2C,369,122,106,85,56,mock
2025-12-17,Wednesday,8523,Şeyma’s iPhone,13.6,4.7,7.9,11.9,1.9,0.0,0.0,0,8.9,22.0,8.48,0,clear,75,111.5,35,23,M Lisa,19.0,CUNTISSIMO,MARINA,#E84A8E,0.179,32,5,14,0,0,#2C64DC,317,92,91,65,69,mock
2025-12-18,Thursday,9769,Şeyma’s iPhone,11.3,4.1,7.3,9.6,1.5,0.0,0.0,0,8.8,23.0,8.18,3,overcast,22,26.2,8,7,The Strokes,7.3,Comedown Machine,The Strokes,#D6312C,0.556,4,1,3,0,0,#43DC2C,407,97,116,86,108,mock
2025-12-19,Friday,10357,Şeyma’s iPhone,13.3,5.8,8.9,13.4,4.2,0.0,0.0,0,8.0,15.8,6.05,3,overcast,25,56.2,13,9,Blonde Redhead,15.9,Melody of Certain Damaged Lemons,Blonde Redhead,#D8302E,0.444,10,0,0,0,0,#2CDC75,233,63,63,50,57,mock
2025-12-20,Saturday,2045,Şeyma’s iPhone,13.2,8.6,10.4,11.2,7.4,0.0,0.0,0,14.6,36.7,5.89,3,overcast,7,23.8,6,6,Portishead,5.1,Dummy,Portishead,#13235B,0.667,2,3,0,0,0,#2CDC55,486,154,142,108,82,mock
2025-12-21,Sunday,4048,Şeyma’s iPhone,12.9,7.2,9.9,11.9,6.2,1.0,1.0,0,9.5,21.2,0.15,51,drizzle_light,14,33.9,9,8,Massive Attack,6.3,Mezzanine,Massive Attack,#0A0A0A,0.778,2,1,0,0,0,#DC2C61,482,153,107,76,146,mock
2025-12-22,Monday,7842,Şeyma’s iPhone,12.1,8.5,10.1,10.0,7.1,2.3,2.3,0,16.8,40.0,6.58,51,drizzle_light,24,57.7,16,12,Ajda Pekkan,8.7,Mezzanine,Massive Attack,#0A0A0A,0.529,8,8,3,0,0,#DC2C61,220,76,59,48,37,mock
2025-12-23,Tuesday,3092,Şeyma’s iPhone,11.4,8.4,10.0,9.7,6.9,1.2,1.2,0,15.2,33.5,3.88,51,drizzle_light,43,115.5,27,15,The Strokes,27.0,The New Abnormal,The Strokes,#E94B8C,0.69,9,21,6,0,0,#DC2C9C,232,68,55,46,63,mock
2025-12-24,Wednesday,9455,Şeyma’s iPhone,13.3,6.6,9.7,12.5,5.2,0.5,0.5,0,12.3,24.8,5.83,51,drizzle_light,78,171.0,44,31,The Strokes,21.6,Comedown Machine,The Strokes,#D6312C,0.549,23,0,8,0,0,#43DC2C,209,63,57,46,43,mock
2025-12-25,Thursday,18302,Şeyma’s iPhone,12.1,8.9,10.7,9.2,5.1,2.4,2.4,0,20.4,43.9,0.0,51,drizzle_light,45,90.4,26,19,Queen,14.7,Super Trouper,ABBA,#F2A23C,0.6,12,7,1,0,0,#81DC2C,185,66,47,37,35,mock
2025-12-26,Friday,6776,Şeyma’s iPhone,8.6,3.9,6.9,4.9,1.4,4.8,4.8,0,21.1,44.6,4.3,61,rain_light,51,94.4,28,13,Sezen Aksu,41.8,Sen Aglama,Sezen Aksu,#E08A2A,0.6,12,16,0,0,0.0,#2CDCBF,137,42,37,31,27,mock
2025-12-27,Saturday,4312,Şeyma’s iPhone,5.5,3.5,4.7,2.2,-1.1,2.4,2.4,0,22.6,51.1,8.0,51,drizzle_light,77,176.1,44,21,Blonde Redhead,47.1,Sezen Aksu '88,Sezen Aksu,#E8A23A,0.547,24,9,0,0,0,#DC2CBC,209,55,54,54,46,mock
2025-12-28,Sunday,3472,Şeyma’s iPhone,7.1,2.5,4.8,2.3,-1.4,4.0,4.0,0,22.8,51.5,1.19,61,rain_light,28,41.8,15,11,The Last Dinner Party,15.1,Prelude to Ecstasy,The Last Dinner Party,#B83A2E,0.611,7,6,0,0,0,#DC2C7E,237,60,80,53,44,mock
2025-12-29,Monday,6961,Şeyma’s iPhone,6.4,0.9,3.8,2.1,-3.3,0.0,0.0,0,15.1,33.8,8.47,3,overcast,22,20.8,9,9,The Weeknd,4.9,Hurry Up Tomorrow,The Weeknd,#C0392B,0.556,4,5,3,0,0,#2C90DC,148,48,36,36,28,mock
2025-12-30,Tuesday,6992,Şeyma’s iPhone,11.6,4.9,8.5,6.6,-0.0,9.4,9.4,0,27.3,58.7,8.28,63,rain,32,65.0,16,10,Blonde Redhead,16.4,Sit Down for Dinner,Blonde Redhead,#D94A1F,0.353,11,4,0,0,0,#DCD02C,142,47,38,33,24,mock
2025-12-31,Wednesday,5131,Şeyma’s iPhone,4.4,-0.9,2.5,1.8,-4.5,6.4,6.3,0.14,19.2,49.0,3.67,71,snow_light,76,242.0,63,41,Radiohead,30.2,The New Abnormal,The Strokes,#E94B8C,0.394,40,41,0,0,0,#DC2C9C,123,37,32,23,31,mock
2026-01-01,Thursday,5629,Şeyma’s iPhone,2.2,-1.7,0.0,-1.7,-6.5,0.7,0.0,0.49,15.0,32.8,8.27,73,snow,122,229.0,59,32,Justin Timberlake,34.3,THE E.N.D. (THE ENERGY NEVER DIES),Black Eyed Peas,#2DC8E6,0.237,45,40,0,0,0,#DC2C9C,116,33,34,27,22,mock
2026-01-02,Friday,7088,Şeyma’s iPhone,7.9,-0.3,3.9,2.0,-3.6,0.0,0.0,0,26.8,58.3,8.55,3,overcast,28,68.1,18,11,Hümeyra,11.8,In The Court Of The Crimson King (Expanded & Remastered Original Album Mix),King Crimson,#B8232A,0.667,6,0,0,0,0,#8DDC2C,97,26,28,22,21,mock
2026-01-03,Saturday,3203,Şeyma’s iPhone,13.6,7.4,11.5,9.4,2.3,6.4,6.4,0,35.9,78.1,1.75,63,rain,164,271.2,73,45,PJ Harvey,38.5,"Stories From The City, Stories From The Sea",PJ Harvey,#C44A22,0.481,41,11,6,0,0,#8D2CDC,144,42,40,27,35,mock
2026-01-04,Sunday,1404,Şeyma’s iPhone,16.2,12.9,14.5,12.4,8.4,1.5,1.5,0,32.0,77.4,8.34,61,rain_light,16,31.8,8,6,Thom Yorke,8.4,No Faith Required,Snowy White,#C97A4A,0.625,3,0,0,0,0.1,#2C8ADC,141,47,43,39,12,mock
2026-01-05,Monday,5684,Şeyma’s iPhone,15.2,12.1,13.9,13.7,9.3,0.0,0.0,0,26.2,55.4,7.0,3,overcast,156,282.0,73,44,Ajda Pekkan,42.0,Seksenlerin En Güzel 4 Albümü,Ajda Pekkan,#E8C547,0.558,38,9,7,0,0,#DCBF2C,102,35,27,21,19,mock
2026-01-06,Tuesday,9920,Şeyma’s iPhone,16.4,10.1,12.7,14.5,7.2,0.1,0.1,0,12.4,25.6,8.73,51,drizzle_light,78,75.4,19,14,Kino,13.7,Sezen Aksu '88,Sezen Aksu,#E8A23A,0.462,14,2,10,0,0,#DC2CBC,87,28,28,20,11,mock
2026-01-07,Wednesday,9660,Şeyma’s iPhone,16.9,10.6,13.7,15.8,8.6,0.1,0.1,0,17.3,41.8,8.42,51,drizzle_light,97,277.0,70,43,Ajda Pekkan,46.0,"Süper Star, Vol.2",Ajda Pekkan,#E84A2E,0.408,45,19,0,0,0,#2C81DC,108,32,31,25,20,mock
2026-01-08,Thursday,6576,Şeyma’s iPhone,16.8,4.9,12.7,12.6,1.6,21.3,20.7,0.42,44.9,96.8,2.31,73,snow,108,254.2,72,43,Glen Hansard,17.8,Melodrama,Lorde,#2B4FB8,0.48,39,15,3,0,0,#DC2CA4,56,17,18,14,7,mock
2026-01-09,Friday,8183,Şeyma’s iPhone,8.3,0.7,4.8,3.3,-3.1,0.1,0.1,0,22.9,49.7,8.81,51,drizzle_light,52,121.7,30,16,Lorde,54.2,Melodrama,Lorde,#2B4FB8,0.429,20,17,0,0,0,#DC2CA4,162,49,40,35,38,mock
2026-01-10,Saturday,7105,Şeyma’s iPhone,14.9,8.4,11.7,10.6,3.3,16.6,16.6,0,37.1,80.6,5.4,63,rain,98,123.3,36,21,Lorde,22.0,Teatro d'ira - Vol. I,Måneskin,#8C1C1C,0.568,19,27,0,0,0,#B3DC2C,205,57,41,42,65,mock
2026-01-11,Sunday,15205,Şeyma’s iPhone,11.6,3.9,7.6,7.8,-1.2,25.5,25.5,0,30.4,75.2,0.0,63,rain,13,19.0,6,3,MARINA,14.3,CUNTISSIMO,MARINA,#E84A8E,0.429,4,0,0,0,0,#2C64DC,217,69,70,44,34,mock
2026-01-12,Monday,10952,Şeyma’s iPhone,3.7,1.6,2.3,-1.6,-3.1,8.3,6.5,1.26,23.2,49.3,0.0,73,snow,70,170.0,44,32,Franz Ferdinand,16.5,Disco Elysium,Sea Power,#C66A3F,0.612,19,19,0,0,0,#2C58DC,201,63,54,53,31,mock
2026-01-13,Tuesday,9062,Şeyma’s iPhone,4.1,-0.5,1.8,0.7,-4.4,0.6,0.0,0.42,14.2,30.6,8.27,71,snow_light,94,190.9,60,41,Sedef Sebüktekin,30.5,Teatro d'ira - Vol. I,Måneskin,#8C1C1C,0.536,32,17,0,0,0,#B3DC2C,274,82,67,63,62,mock
2026-01-14,Wednesday,7481,Şeyma’s iPhone,8.6,3.8,6.2,5.7,-0.8,0.7,0.7,0,17.4,37.8,4.1,51,drizzle_light,62,141.3,39,33,Low,9.8,I Could Live In Hope,Low,#D89944,0.5,21,21,0,0,0,#2CDC99,167,44,44,31,48,mock
2026-01-15,Thursday,13624,Şeyma’s iPhone,10.8,7.8,9.3,8.4,4.3,0.0,0.0,0,16.6,38.2,6.92,3,overcast,161,284.0,81,52,M Lisa,21.8,Beteri Yok Uslanmaktan,Nova Norda,#D94F8A,0.378,61,50,28,0,0,#672CDC,216,76,63,44,33,mock
2026-01-16,Friday,12384,Şeyma’s iPhone,10.0,2.2,7.0,8.2,-2.3,3.4,3.4,0,21.8,46.4,0.0,53,drizzle,90,178.9,48,19,Büyük Ev Ablukada,79.5,The Rise and Fall of a Midwest Princess,Chappell Roan,#1FA7C2,0.426,31,1,31,0,0,#722CDC,190,42,47,43,58,mock
2026-01-17,Saturday,9802,Şeyma’s iPhone,5.6,1.8,3.3,1.1,-2.9,1.5,1.5,0,17.6,41.8,3.33,51,drizzle_light,95,195.1,59,40,The Red Army Choir,20.1,The Rise and Fall of a Midwest Princess,Chappell Roan,#1FA7C2,0.667,21,15,0,0,0,#722CDC,238,78,60,52,48,mock
2026-01-18,Sunday,11684,Şeyma’s iPhone,3.8,0.9,1.9,-1.0,-4.9,3.7,0.9,1.96,24.0,54.0,1.74,73,snow,160,331.1,87,60,Sedef Sebüktekin,24.2,Atlantis,Güneş,#3F5CB0,0.608,38,63,29,0,0,#2C3EDC,267,85,82,60,40,mock
2026-01-19,Monday,7040,Şeyma’s iPhone,3.2,0.4,1.8,-0.7,-4.7,6.4,3.3,2.17,22.0,53.3,0.85,73,snow,12,8.9,5,4,M Lisa,4.3,Atlantis,Güneş,#3F5CB0,0.667,2,0,0,0,0,#2C3EDC,232,64,68,53,47,mock
2026-01-20,Tuesday,5554,Şeyma’s iPhone,6.8,2.8,4.4,2.1,-1.1,0.1,0.1,0,16.9,38.5,3.08,51,drizzle_light,42,103.4,27,21,Büyük Ev Ablukada,21.5,Defansif Dizayn,Büyük Ev Ablukada,#2E8B57,0.393,17,3,0,0,0,#DC2C6A,247,47,67,56,77,mock
2026-01-21,Wednesday,7042,Şeyma’s iPhone,8.1,1.8,4.5,4.3,-2.7,0.0,0.0,0,15.6,32.8,4.03,3,overcast,69,140.1,40,32,Büyük Ev Ablukada,23.5,Teatro d'ira - Vol. I,Måneskin,#8C1C1C,0.477,23,18,0,0,0,#B3DC2C,280,96,90,61,33,mock
2026-01-22,Thursday,5672,Şeyma’s iPhone,10.6,5.1,7.6,8.3,1.7,2.2,2.2,0,15.5,35.3,4.36,61,rain_light,99,366.2,73,45,Radiohead,40.3,Super Trouper,ABBA,#F2A23C,0.625,33,59,6,0,0,#81DC2C,285,88,67,64,66,mock
2026-01-23,Friday,6654,Şeyma’s iPhone,11.6,7.7,9.3,10.5,5.3,4.3,4.3,0,11.1,22.7,0.0,53,drizzle,19,42.0,13,11,ABBA,5.9,Misery Is a Butterfly,Blonde Redhead,#6B8DA6,0.692,4,3,0,0,0,#DC2CB9,280,87,78,62,53,mock
2026-01-24,Saturday,5776,Şeyma’s iPhone,10.8,7.6,9.0,9.7,5.6,0.1,0.1,0,11.4,26.3,0.53,51,drizzle_light,10,15.0,5,4,Fontaines D.C.,5.1,Skinty Fia,Fontaines D.C.,#E0241A,0.4,3,4,1,0,0,#2CDC4F,382,117,111,86,68,mock
2026-01-25,Sunday,13419,Şeyma’s iPhone,14.3,7.4,10.9,12.9,5.9,0.0,0.0,0,10.9,23.4,8.37,3,overcast,58,75.6,16,12,Büyük Ev Ablukada,14.3,IV,Black Mountain,#7AA4B8,0.556,8,7,4,0,0,#3E2CDC,420,131,153,86,50,mock
2026-01-26,Monday,4453,Şeyma’s iPhone,15.6,10.6,12.8,14.3,8.8,2.8,2.8,0,20.9,42.8,6.59,55,drizzle_dense,140,280.7,72,46,Sabrina Carpenter,28.8,Loose,Nelly Furtado,#C8132A,0.372,49,0,8,0,0,#A72CDC,471,113,115,101,142,mock
2026-01-27,Tuesday,381,Şeyma’s iPhone,14.2,9.5,11.8,12.9,7.7,1.1,1.1,0,15.9,35.6,9.08,53,drizzle,17,64.0,14,9,Sezen Aksu,17.8,Git,Sezen Aksu,#E8B68A,0.4,9,4,0,0,0,#2C67DC,365,120,115,77,53,mock
2026-01-28,Wednesday,5622,Şeyma’s iPhone,12.5,8.9,10.7,10.6,7.1,0.2,0.2,0,21.8,46.4,9.0,51,drizzle_light,52,133.9,40,32,Kino,14.3,Beteri Yok Uslanmaktan,Nova Norda,#D94F8A,0.543,21,23,0,0,0,#672CDC,563,168,152,125,118,mock
2026-01-29,Thursday,647,Şeyma’s iPhone,14.9,11.8,13.2,12.8,7.9,1.0,1.0,0,22.1,46.8,3.52,51,drizzle_light,114,215.1,57,31,Sezen Aksu,30.4,Super Trouper,ABBA,#F2A23C,0.522,32,1,0,0,0,#81DC2C,345,94,87,55,109,mock
2026-01-30,Friday,3673,Şeyma’s iPhone,13.1,7.2,10.4,10.2,5.0,9.0,9.0,0,19.7,45.0,4.73,63,rain,51,77.7,22,16,Sea Power,19.1,Disco Elysium,Sea Power,#C66A3F,0.308,18,0,0,0,0,#2C58DC,373,107,91,90,85,mock
2026-01-31,Saturday,8278,Şeyma’s iPhone,10.9,5.1,7.0,7.5,2.0,11.8,11.8,0,20.4,44.3,4.91,63,rain,105,145.6,44,23,M Lisa,27.8,En İyileriyle Ayla Algan,Ayla Algan,#8FBF9E,0.354,31,7,0,0,0,#DC2C81,453,130,119,91,113,mock
2026-02-01,Sunday,5626,Şeyma’s iPhone,8.0,4.7,6.0,2.9,0.0,14.2,14.2,0,27.1,68.4,0.0,63,rain,9,31.9,9,9,U2,5.3,Songs Of Innocence,U2,#101010,0.556,4,2,0,0,0,#43DC2C,448,166,120,131,31,mock
2026-02-02,Monday,2948,Şeyma’s iPhone,7.6,3.2,5.8,4.6,-1.6,10.7,10.7,0,24.3,50.0,0.0,63,rain,82,267.0,76,53,Ajda Pekkan,37.2,Seksenlerin En Güzel 4 Albümü,Ajda Pekkan,#E8C547,0.299,54,45,0,0,0,#DCBF2C,374,83,100,85,106,mock
2026-02-03,Tuesday,2531,Şeyma’s iPhone,6.7,2.6,4.1,4.3,-1.7,0.9,0.9,0,18.4,42.5,3.05,51,drizzle_light,37,111.1,26,19,Lola Young,36.3,Messy,Lola Young,#C84A3F,0.387,19,0,0,0,0,#2CDC55,503,126,149,104,124,mock
2026-02-04,Wednesday,8661,Şeyma’s iPhone,12.1,1.9,6.7,10.0,-0.8,0.0,0.0,0,8.5,20.5,7.76,3,overcast,34,82.1,23,17,Nilüfer,8.1,Ten,Pearl Jam,#A87838,0.25,18,0,0,0,0,#992CDC,380,131,123,86,40,mock
2026-02-05,Thursday,6756,Şeyma’s iPhone,13.6,7.9,10.6,11.3,5.4,3.4,3.4,0,19.2,38.2,0.08,55,drizzle_dense,84,191.8,56,28,Bad Bunny,51.1,The Rise and Fall of a Midwest Princess,Chappell Roan,#1FA7C2,0.333,38,1,42,0,0,#722CDC,309,109,84,58,58,mock
2026-02-06,Friday,5109,Şeyma’s iPhone,14.8,9.2,12.1,13.1,8.0,1.4,1.4,0,14.1,34.2,8.75,53,drizzle,11,15.9,5,4,Charli xcx,6.8,BRAT,Charli xcx,#8ACE00,0.2,4,0,0,0,0,#DC2CAD,361,137,90,72,62,mock
2026-02-07,Saturday,4691,Şeyma’s iPhone,13.8,9.1,11.1,12.9,8.0,3.6,3.6,0,15.2,34.9,7.85,55,drizzle_dense,76,84.5,29,17,Billie Eilish,16.4,Volume One,She & Him,#F4C95D,0.375,20,2,0,16,0,#46DC2C,414,112,77,77,148,mock
2026-02-08,Sunday,5786,Şeyma’s iPhone,11.7,8.1,9.7,10.8,7.2,9.8,9.8,0,8.3,21.2,0.0,61,rain_light,15,19.3,6,4,Lana Del Rey,7.6,"Stories From The City, Stories From The Sea",PJ Harvey,#C44A22,0.667,2,2,0,3,0,#8D2CDC,423,106,121,78,118,mock
2026-02-09,Monday,4689,Şeyma’s iPhone,10.9,6.2,8.6,8.1,1.5,0.6,0.6,0,22.4,49.0,2.38,51,drizzle_light,23,38.6,16,10,EGE!,7.0,Volume One,She & Him,#F4C95D,0.625,6,0,0,1,0,#46DC2C,346,97,100,85,64,mock
2026-02-10,Tuesday,9419,Şeyma’s iPhone,7.8,5.1,6.3,3.4,0.2,0.0,0.0,0,24.8,55.8,0.0,3,overcast,34,65.3,16,10,Bad Bunny,31.0,We're Just Making It Worse,Cameron Avery,#2A2622,0.3,14,2,5,2,0,#87DC2C,359,119,104,88,48,mock
2026-02-11,Wednesday,5549,Şeyma’s iPhone,9.6,5.9,7.5,7.1,3.3,0.0,0.0,0,15.3,36.4,6.03,3,overcast,61,161.5,44,26,Kanye West,59.7,The New Abnormal,The Strokes,#E94B8C,0.391,28,0,0,13,0,#DC2C9C,361,114,110,77,60,mock
2026-02-12,Thursday,6415,Şeyma’s iPhone,15.1,7.7,10.7,13.0,4.9,2.0,2.0,0,23.3,50.8,5.17,53,drizzle,16,29.6,12,8,PinkPantheress,8.3,Fancy Some More?,PinkPantheress,#FF6FB5,0.308,9,1,6,17,0,#DC2C2C,378,111,108,91,68,mock
2026-02-13,Friday,14858,Şeyma’s iPhone,14.8,10.9,12.4,14.0,8.8,4.5,4.5,0,18.5,40.0,1.06,61,rain_light,119,247.1,67,36,PinkPantheress,32.3,Fancy Some More?,PinkPantheress,#FF6FB5,0.392,45,7,14,28,0,#DC2C2C,266,81,83,63,39,mock
2026-02-14,Saturday,10535,Şeyma’s iPhone,13.6,7.9,10.5,12.3,5.9,5.8,5.8,0,16.1,37.4,7.13,63,rain,82,162.9,39,22,Kino,41.6,Serçe,Sezen Aksu,#C97A4A,0.545,20,27,0,3,0,#412CDC,508,178,161,137,32,mock
2026-02-15,Sunday,8861,Şeyma’s iPhone,21.3,11.2,15.1,19.3,8.0,1.8,1.8,0,32.4,78.1,9.95,55,drizzle_dense,122,382.6,92,49,Sezen Aksu,40.3,Fancy Some More?,PinkPantheress,#FF6FB5,0.35,67,31,6,3,0,#DC2C2C,452,183,104,97,68,mock
2026-02-16,Monday,8179,Şeyma’s iPhone,17.2,11.6,14.2,14.8,9.1,5.9,5.9,0,29.7,70.9,10.04,63,rain,104,268.2,66,49,King Crimson,26.5,In The Court Of The Crimson King (Expanded & Remastered Original Album Mix),King Crimson,#B8232A,0.274,53,24,5,31,0,#8DDC2C,381,123,113,80,65,mock
2026-02-17,Tuesday,4814,Şeyma’s iPhone,15.4,9.6,12.6,13.5,7.4,7.2,7.2,0,22.6,52.2,8.99,61,rain_light,36,52.8,17,17,Blonde Redhead,5.1,Misery Is a Butterfly,Blonde Redhead,#6B8DA6,0.529,8,0,7,2,0,#DC2CB9,362,103,96,86,77,mock
2026-02-18,Wednesday,8497,Şeyma’s iPhone,12.1,2.2,6.2,10.4,-1.8,5.4,5.3,0.07,24.1,55.1,0.19,71,snow_light,8,4.9,2,2,Lin Pesto,3.6,KABUL,Lin Pesto,#1F7A5A,1.0,0,0,0,0,0,#2CDC9C,355,107,84,61,103,mock
2026-02-19,Thursday,9827,Şeyma’s iPhone,10.4,3.1,7.0,8.0,0.3,0.1,0.1,0,17.1,40.3,10.3,51,drizzle_light,68,91.3,25,15,Blonde Redhead,37.2,Misery Is a Butterfly,Blonde Redhead,#6B8DA6,0.6,12,4,14,3,0,#DC2CB9,454,150,111,89,104,mock
2026-02-20,Friday,11229,Şeyma’s iPhone,15.6,7.5,11.0,12.3,4.6,0.0,0.0,0,19.3,41.8,10.38,3,overcast,52,100.8,27,7,Blonde Redhead,76.8,Misery Is a Butterfly,Blonde Redhead,#6B8DA6,0.531,15,15,0,1,0,#DC2CB9,276,95,60,68,53,mock
2026-02-21,Saturday,8565,Şeyma’s iPhone,14.6,7.9,10.3,12.9,4.8,0.5,0.5,0,16.9,39.2,10.0,51,drizzle_light,32,45.2,9,3,Blonde Redhead,20.3,Misery Is a Butterfly,Blonde Redhead,#6B8DA6,0.2,12,8,0,31,0,#DC2CB9,321,89,85,75,72,mock
2026-02-22,Sunday,6020,Şeyma’s iPhone,8.1,4.2,5.7,5.1,0.1,9.1,9.1,0,23.4,52.6,0.0,61,rain_light,64,162.8,46,21,Mitski,50.5,Songs Of Innocence,U2,#101010,0.413,27,6,0,3,0,#43DC2C,503,134,134,119,116,mock
2026-02-23,Monday,13161,Şeyma’s iPhone,8.2,3.8,5.8,5.6,1.7,0.0,0.0,0,8.2,24.8,8.55,3,overcast,48,62.3,23,17,Büyük Ev Ablukada,13.5,Defansif Dizayn,Büyük Ev Ablukada,#2E8B57,0.435,13,3,0,12,0,#DC2C6A,437,126,136,89,86,mock
2026-02-24,Tuesday,9746,Şeyma’s iPhone,12.2,6.2,9.4,9.6,3.2,2.9,2.9,0,20.2,44.3,9.09,61,rain_light,40,55.9,14,13,Massive Attack,8.3,Pure Heroine,Lorde,#E8B6C2,0.25,12,0,5,7,0,#2CDC41,398,122,126,85,65,mock
2026-02-25,Wednesday,2320,Şeyma’s iPhone,9.7,4.6,7.3,6.9,2.3,2.2,2.2,0,15.1,34.2,10.58,53,drizzle,23,33.0,4,4,Wet Leg,23.3,Prelude to Ecstasy,The Last Dinner Party,#B83A2E,0.154,11,0,0,0,0,#DC2C7E,391,106,96,88,101,mock
2026-02-26,Thursday,8014,Şeyma’s iPhone,7.3,2.1,4.8,2.5,-1.5,5.6,5.2,0.28,22.2,51.5,7.47,73,snow,77,154.4,39,24,Sergei Rachmaninoff,41.0,Rachmaninov: Piano Concerto No.2,Sergei Rachmaninoff,#1B3A7F,0.55,18,0,17,8,0,#DC2C96,426,118,107,108,93,mock
2026-02-27,Friday,6558,Şeyma’s iPhone,5.8,3.2,4.5,1.6,-0.1,0.7,0.7,0,15.0,35.6,1.0,51,drizzle_light,102,220.3,58,33,Ajda Pekkan,19.6,In The Court Of The Crimson King (Expanded & Remastered Original Album Mix),King Crimson,#B8232A,0.594,26,5,0,21,0,#8DDC2C,404,133,118,85,68,mock
2026-02-28,Saturday,4814,Şeyma’s iPhone,7.6,3.0,5.1,3.3,-0.2,0.3,0.3,0,18.9,43.2,2.43,51,drizzle_light,18,30.5,9,3,Arctic Monkeys,25.5,"Whatever People Say I Am, That's What I'm Not",Arctic Monkeys,#101010,0.545,5,1,0,22,0,#DC6D2C,458,146,117,96,99,mock
2026-03-01,Sunday,7393,Şeyma’s iPhone,9.1,4.5,6.3,5.2,0.8,0.1,0.1,0,16.0,38.9,4.81,51,drizzle_light,39,114.1,29,9,Arctic Monkeys,50.4,The New Abnormal,The Strokes,#E94B8C,0.333,20,3,0,0,0,#DC2C9C,301,116,77,21,87,mock
2026-03-02,Monday,9756,Şeyma’s iPhone,12.9,2.8,7.0,12.0,-0.0,0.0,0.0,0,10.9,25.2,10.86,3,overcast,57,128.2,31,9,Arctic Monkeys,76.6,Favourite Worst Nightmare,Arctic Monkeys,#0E1A2B,0.256,32,16,0,2,0,#7B2CDC,367,155,70,35,107,mock
2026-03-03,Tuesday,4961,Şeyma’s iPhone,10.6,4.4,6.8,8.3,2.8,0.0,0.0,0,12.1,28.8,4.62,3,overcast,50,47.9,19,7,manifest,24.7,"Girl, so confusing featuring lorde",Charli xcx,#E6E81F,0.15,17,0,0,0,0,#49DC2C,342,146,58,39,99,mock
2026-03-04,Wednesday,5786,Şeyma’s iPhone,13.5,2.0,7.6,11.7,-0.5,0.0,0.0,0,7.7,16.2,10.89,3,overcast,120,383.8,114,13,Arctic Monkeys,96.5,"Whatever People Say I Am, That's What I'm Not",Arctic Monkeys,#101010,0.183,94,68,21,0,0,#DC6D2C,326,173,58,37,58,mock
2026-03-05,Thursday,12514,Şeyma’s iPhone,11.1,3.5,7.6,8.8,1.4,0.8,0.8,0,9.3,26.3,7.74,51,drizzle_light,31,79.3,20,16,The Strokes,21.5,The Singles - Volume 01,The Strokes,#3A6FB0,0.542,11,0,7,19,0,#DC2C64,410,197,101,36,76,mock
2026-03-06,Friday,15448,Şeyma’s iPhone,14.0,5.4,9.0,13.7,3.7,0.1,0.1,0,13.7,35.3,10.74,51,drizzle_light,168,257.0,75,42,Arctic Monkeys,59.9,"Whatever People Say I Am, That's What I'm Not",Arctic Monkeys,#101010,0.5,45,0,13,24,0,#DC6D2C,281,114,44,37,86,mock
2026-03-07,Saturday,8566,Şeyma’s iPhone,10.3,3.7,6.5,6.3,0.8,0.0,0.0,0,14.6,36.0,10.19,3,overcast,97,117.2,35,16,Arctic Monkeys,36.1,The New Abnormal,The Strokes,#E94B8C,0.297,26,2,0,5,0,#DC2C9C,292,152,37,33,70,mock
2026-03-08,Sunday,3400,Şeyma’s iPhone,9.9,2.8,6.1,5.8,-0.6,0.0,0.0,0,20.4,49.0,9.0,3,overcast,75,162.9,51,28,Billie Eilish,70.0,Super Trouper,ABBA,#F2A23C,0.346,34,13,0,22,0,#81DC2C,301,138,83,32,48,mock
2026-03-09,Monday,6260,Şeyma’s iPhone,10.1,5.2,7.1,6.3,1.2,0.0,0.0,0,23.3,53.6,10.99,3,overcast,46,95.7,31,27,Muse,7.4,Volume One,She & Him,#F4C95D,0.452,17,3,0,26,0,#46DC2C,505,247,130,50,78,mock
2026-03-10,Tuesday,9770,Şeyma’s iPhone,15.9,4.6,8.7,14.4,1.6,0.0,0.0,0,17.7,39.2,11.0,0,clear,96,234.2,61,48,The Voidz,13.9,Did My Best,The Voidz,#1CF743,0.438,36,14,11,1,0,#4CDC2C,435,209,71,27,128,mock
2026-03-11,Wednesday,12078,Şeyma’s iPhone,15.4,4.8,8.5,14.6,1.8,0.0,0.0,0,13.8,33.5,11.07,3,overcast,68,192.7,49,28,Lin Pesto,40.8,Graduation,Kanye West,#C03E8F,0.463,29,4,8,14,0,#2CDCDC,386,182,56,33,115,mock
2026-03-12,Thursday,9185,Şeyma’s iPhone,10.8,6.2,7.7,7.9,3.7,0.0,0.0,0,12.6,31.0,6.19,3,overcast,134,308.3,82,52,Charli xcx,32.0,Super Trouper,ABBA,#F2A23C,0.567,42,13,55,5,0.1,#81DC2C,502,190,107,47,158,mock
2026-03-13,Friday,5087,Şeyma’s iPhone,10.9,5.8,7.4,7.6,2.7,0.0,0.0,0,16.5,40.0,10.83,3,overcast,66,182.5,53,33,Kanye West,51.4,The Lumineers,The Lumineers,#A8896B,0.148,46,17,0,25,0,#81DC2C,271,158,60,21,32,mock
2026-03-14,Saturday,5969,Şeyma’s iPhone,10.9,5.6,7.6,7.3,2.7,0.0,0.0,0,17.5,41.8,5.93,3,overcast,81,167.6,47,35,ABBA,18.6,Super Trouper,ABBA,#F2A23C,0.4,30,20,0,3,0,#81DC2C,368,179,68,41,80,mock
2026-03-15,Sunday,3893,Şeyma’s iPhone,10.9,7.1,8.3,7.4,4.4,0.6,0.6,0,17.5,40.7,0.6,51,drizzle_light,59,163.3,45,23,Tame Impala,32.2,The New Abnormal,The Strokes,#E94B8C,0.378,28,7,0,0,0,#DC2C9C,338,157,82,39,60,mock
2026-03-16,Monday,9558,Şeyma’s iPhone,11.4,6.2,8.3,8.5,3.6,0.6,0.6,0,12.1,31.0,6.19,51,drizzle_light,65,69.0,20,15,Arctic Monkeys,14.5,All I Did Was Dream of You (feat. The Marías),beabadoobee,#7DA3C9,0.5,12,0,9,5,0,#2CDC99,630,266,154,53,157,mock
2026-03-17,Tuesday,9873,Şeyma’s iPhone,11.4,2.8,7.2,7.8,0.2,0.0,0.0,0,19.7,46.1,10.24,3,overcast,91,160.8,38,15,Kanye West,52.7,METRO BOOMIN PRESENTS SPIDER-MAN: ACROSS THE SPIDER-VERSE,Metro Boomin,#1BE880,0.244,34,0,0,43,0,#2CDC52,533,273,92,52,116,mock
2026-03-18,Wednesday,5223,Şeyma’s iPhone,9.8,6.9,8.2,5.2,3.5,0.2,0.2,0,26.6,60.8,0.32,51,drizzle_light,45,92.6,29,21,Kanye West,17.3,Baldur's Gate 3 (Original Game Soundtrack),Borislav Slavov,#8B0000,0.452,17,2,0,14,0,#67DC2C,545,291,104,55,95,mock
2026-03-19,Thursday,5859,Şeyma’s iPhone,8.8,6.7,7.6,4.2,2.4,2.8,2.8,0,29.1,63.7,0.0,53,drizzle,139,365.5,89,51,Kanye West,95.1,Dark Night of The Soul,Danger Mouse,#7A2E8C,0.402,64,17,37,26,0,#DC2CD3,576,259,97,69,151,mock
2026-03-20,Friday,935,Şeyma’s iPhone,6.8,5.6,6.2,2.6,1.1,24.4,24.4,0,26.2,55.1,0.0,61,rain_light,57,173.5,44,36,Kanye West,29.5,KABUL,Lin Pesto,#1F7A5A,0.51,24,15,0,1,0,#2CDC9C,503,229,65,42,167,mock
2026-03-21,Saturday,412,Şeyma’s iPhone,9.9,5.9,7.8,6.5,2.7,4.3,4.3,0,22.2,49.7,0.0,51,drizzle_light,50,166.3,42,31,Arctic Monkeys,16.7,My Favourite Faded Fantasy,Damien Rice,#E8DFCB,0.348,30,2,0,18,0,#DC2CCB,451,240,106,43,62,mock
2026-03-22,Sunday,4468,Şeyma’s iPhone,9.9,8.1,8.7,6.8,5.6,2.4,2.4,0,17.5,39.6,0.0,51,drizzle_light,110,234.8,65,31,Radiohead,60.3,Hail To the Thief,Radiohead,#A8221C,0.449,38,0,0,15,0,#93DC2C,526,225,122,53,126,mock
2026-03-23,Monday,8121,Şeyma’s iPhone,9.8,7.8,8.5,7.6,5.8,0.1,0.1,0,12.1,29.2,0.0,51,drizzle_light,87,150.4,46,32,Warhaus,11.8,Sahar,Tamino,#8E7E6E,0.458,26,1,11,16,0,#DC2CBC,674,339,98,60,177,mock
2026-03-24,Tuesday,8217,Şeyma’s iPhone,11.7,7.8,9.2,9.0,5.2,0.3,0.3,0,16.4,38.5,4.67,51,drizzle_light,34,28.2,9,8,"Tyler, The Creator",6.4,METRO BOOMIN PRESENTS SPIDER-MAN: ACROSS THE SPIDER-VERSE,Metro Boomin,#1BE880,0.25,9,0,9,0,0,#2CDC52,526,219,118,62,127,mock
2026-03-25,Wednesday,12193,Şeyma’s iPhone,12.2,7.9,9.5,8.7,5.1,0.1,0.1,0,21.7,51.1,8.82,51,drizzle_light,25,54.8,18,12,Kendrick Lamar,20.0,Parachutes,Coldplay,#D58A1E,0.333,12,1,0,59,0,#2C32DC,587,300,134,58,95,mock
2026-03-26,Thursday,9118,Şeyma’s iPhone,13.7,7.1,9.6,12.7,5.1,0.3,0.3,0,10.2,23.4,10.21,51,drizzle_light,88,162.0,45,28,Black Box Recorder,40.7,England Made Me [25th Anniversary Edition],Black Box Recorder,#C8202A,0.442,29,1,0,37,0,#2CDC75,585,266,99,48,172,mock
2026-03-27,Friday,6999,Şeyma’s iPhone,18.9,5.5,12.3,18.0,3.4,1.7,1.7,0,11.5,22.7,9.99,61,rain_light,62,203.0,55,37,Billie Eilish,16.5,Feeding Seahorses by Hand,Billie Marten,#C46A2A,0.429,32,19,3,0,0,#2CBFDC,443,206,101,45,91,mock
2026-03-28,Saturday,9435,Şeyma’s iPhone,12.1,9.1,10.8,11.9,7.0,29.0,29.0,0,22.7,47.5,1.47,63,rain,112,278.8,78,44,Billie Eilish,46.0,Dummy,Portishead,#13235B,0.488,43,20,2,32,0,#2CDC55,387,183,101,35,68,mock
2026-03-29,Sunday,8319,Şeyma’s iPhone,10.0,8.9,9.2,8.0,5.8,31.7,31.7,0,17.9,38.2,0.0,63,rain,30,26.7,16,3,Kanye West,22.0,BULLY,Kanye West,#1A1A1A,0.176,14,12,4,7,0,#2CDC58,475,252,101,34,88,mock
2026-03-30,Monday,6639,Şeyma’s iPhone,11.3,8.2,9.6,10.4,5.3,34.0,34.0,0,20.2,40.0,0.0,63,rain,63,74.4,21,4,Kanye West,67.6,BULLY,Kanye West,#1A1A1A,0.267,22,1,0,4,0,#2CDC58,592,249,98,55,190,mock
2026-03-31,Tuesday,10469,Şeyma’s iPhone,16.5,9.2,12.5,15.1,7.4,0.1,0.1,0,11.6,29.9,11.0,51,drizzle_light,44,90.5,30,18,Kanye West,25.3,Mystery,Jesse Jo Stark,#3B1F2B,0.312,22,2,10,3,0.0,#2CD9DC,647,291,122,82,152,mock
2026-04-01,Wednesday,5372,Şeyma’s iPhone,17.9,9.4,12.8,16.6,6.1,3.6,3.6,0,29.1,60.1,9.0,55,drizzle_dense,44,56.4,20,13,Kanye West,16.0,BULLY,Kanye West,#1A1A1A,0.25,15,0,0,3,0,#2CDC58,569,220,138,78,133,mock
2026-04-02,Thursday,7728,Şeyma’s iPhone,20.0,9.9,13.7,20.2,5.5,9.0,9.0,0,28.8,59.4,11.14,61,rain_light,45,104.4,31,23,The Red Army Choir,14.8,La La Land,Justin Hurwitz,#3FA8A7,0.806,6,16,0,0,0,#96DC2C,540,265,121,33,121,mock
2026-04-03,Friday,11270,Şeyma’s iPhone,16.7,10.6,12.9,15.1,8.8,2.5,2.5,0,17.2,41.4,10.0,61,rain_light,63,158.2,45,37,Blonde Redhead,15.1,The New Abnormal,The Strokes,#E94B8C,0.556,20,14,0,16,0,#DC2C9C,481,227,81,36,137,mock
2026-04-04,Saturday,11375,Şeyma’s iPhone,14.3,9.5,11.9,13.2,7.4,4.4,4.4,0,14.2,35.3,4.88,61,rain_light,92,145.1,48,30,ABBA,20.4,Super Trouper,ABBA,#F2A23C,0.519,25,17,0,44,0,#81DC2C,554,235,96,50,173,mock
2026-04-05,Sunday,12969,Şeyma’s iPhone,17.6,9.4,12.2,16.5,7.8,0.1,0.1,0,13.5,34.6,8.95,51,drizzle_light,38,106.8,27,16,The Strokes,32.6,Melodrama,Lorde,#2B4FB8,0.562,14,16,0,6,0,#DC2CA4,480,249,114,45,72,mock
2026-04-06,Monday,5858,Şeyma’s iPhone,18.9,6.6,12.8,18.9,4.4,0.0,0.0,0,8.0,20.9,12.0,0,clear,56,138.0,41,32,Imagine Dragons,10.1,The New Abnormal,The Strokes,#E94B8C,0.452,23,4,0,22,0,#DC2C9C,908,398,200,96,214,mock
2026-04-07,Tuesday,6638,Şeyma’s iPhone,18.2,9.9,13.1,17.7,7.8,0.3,0.3,0,12.5,32.4,11.56,51,drizzle_light,36,58.7,14,7,Ajda Pekkan,41.3,Sana Neler Edeceğim,Ajda Pekkan,#D62828,0.818,4,6,0,1,0,#DC432C,810,374,163,59,214,mock
2026-04-08,Wednesday,5803,Şeyma’s iPhone,16.0,7.3,11.2,13.3,4.5,5.5,5.5,0,20.9,51.1,10.0,63,rain,89,298.1,62,28,Halsey,52.2,Z,My Morning Jacket,#7FAAA2,0.321,53,8,1,1,0,#2CB6DC,806,386,153,76,191,mock
2026-04-09,Thursday,9145,Şeyma’s iPhone,12.4,4.2,8.5,11.0,1.3,0.7,0.7,0,10.9,34.6,10.51,51,drizzle_light,31,74.7,24,9,REO Speedwagon,26.2,Ultraviolence,Lana Del Rey,#2C2C2C,0.12,22,14,0,11,0,#2CDCA7,786,373,165,94,154,mock
2026-04-10,Friday,5944,Şeyma’s iPhone,11.2,4.9,7.4,10.6,3.2,5.9,5.8,0.07,10.6,29.2,11.16,71,snow_light,78,218.7,58,38,Kino,55.4,Звезда по имени Солнце,Kino,#0A0A0A,0.39,36,20,6,44,0,#2CA4DC,701,357,118,49,177,mock
2026-04-11,Saturday,10901,Şeyma’s iPhone,12.0,2.7,7.7,10.4,0.1,0.4,0.4,0,9.3,23.0,11.16,51,drizzle_light,45,81.4,30,9,Kendrick Lamar,57.0,Section.80,Kendrick Lamar,#E8E2D4,0.323,21,23,8,3,0,#2C5BDC,647,333,129,83,102,mock
2026-04-12,Sunday,5457,Şeyma’s iPhone,13.2,4.4,8.7,12.4,1.9,0.0,0.0,0,11.8,29.5,12.03,3,overcast,24,41.4,13,7,t.A.T.u.,12.7,200 KM/H In The Wrong Lane,t.A.T.u.,#5A7A2F,0.571,6,0,0,15,0,#DC9C2C,769,446,163,84,76,mock
2026-04-13,Monday,10234,Şeyma’s iPhone,15.1,4.6,9.6,14.7,2.0,0.0,0.0,0,14.5,33.5,12.0,3,overcast,49,74.9,28,20,Le Tigre,6.5,Le Tigre,Le Tigre,#C8202A,0.6,12,1,27,0,0.2,#DCB62C,825,406,195,78,146,mock
2026-04-14,Tuesday,9353,Şeyma’s iPhone,16.9,6.7,11.2,14.9,3.5,0.0,0.0,0,15.7,40.3,10.26,3,overcast,14,25.3,7,7,"Tyler, The Creator",6.5,Visions,Grimes,#F5D11A,0.625,3,0,0,0,0,#DC2C8D,836,410,118,72,236,mock
2026-04-15,Wednesday,8027,Şeyma’s iPhone,18.9,7.6,11.8,17.2,5.4,0.0,0.0,0,17.8,42.1,10.94,3,overcast,10,19.0,6,5,Sabrina Carpenter,7.6,Did My Best,The Voidz,#1CF743,0.5,3,0,0,1,0,#4CDC2C,746,294,144,69,239,mock
2026-04-16,Thursday,8919,Şeyma’s iPhone,16.4,8.9,11.4,14.8,6.7,0.0,0.0,0,18.0,43.9,9.18,3,overcast,35,40.3,12,10,Charlotte Cardin,12.3,Phoenix,Charlotte Cardin,#F45A1F,0.385,8,7,0,8,0,#C5DC2C,582,313,122,60,87,mock
2026-04-17,Friday,7668,Şeyma’s iPhone,14.1,8.9,11.2,11.1,6.4,0.0,0.0,0,22.5,52.2,11.63,3,overcast,24,12.6,4,2,ALIZADE,7.8,STOP SMOKING,ALIZADE,#D9A441,0.333,4,1,0,17,0,#DCC22C,611,252,117,65,177,mock
2026-04-18,Saturday,5096,Şeyma’s iPhone,15.2,9.9,12.3,11.7,7.9,0.1,0.1,0,21.0,50.0,6.86,51,drizzle_light,118,330.1,54,35,Mitski,116.0,The Black Parade,My Chemical Romance,#0A0A0A,0.363,65,2,0,15,0,#DCB02C,596,302,90,29,175,mock
2026-04-19,Sunday,4978,Şeyma’s iPhone,17.8,7.2,12.3,16.1,5.9,0.1,0.1,0,14.9,39.6,11.76,51,drizzle_light,92,145.2,49,35,Auktyon,39.9,Птица,Auktyon,#F3DA8A,0.333,34,12,0,62,0,#DC2CD0,420,250,90,60,20,real
2026-04-20,Monday,12616,Şeyma’s iPhone,18.9,4.7,12.8,16.3,2.7,0.0,0.0,0,10.7,31.3,12.33,3,overcast,46,97.5,30,23,Auktyon,12.6,Птица,Auktyon,#F3DA8A,0.323,21,9,21,1,0,#DC2CD0,600,380,130,50,40,real
2026-04-21,Tuesday,6536,Şeyma’s iPhone,20.5,10.9,14.6,19.9,9.1,2.2,2.2,0,19.0,43.6,11.5,55,drizzle_dense,45,116.9,30,21,The Red Army Choir,14.8,Птица,Auktyon,#F3DA8A,0.625,12,21,7,8,0,#DC2CD0,420,270,100,30,20,real
2026-04-22,Wednesday,3864,Şeyma’s iPhone,11.4,8.1,9.6,9.1,5.9,16.3,16.3,0,19.8,43.6,0.0,63,rain,47,127.3,38,18,Agatha Christie,35.5,Звезда по имени Солнце,Kino,#0A0A0A,0.6,16,23,0,19,0,#2CA4DC,1440,900,280,90,170,real
2026-04-23,Thursday,5763,Şeyma’s iPhone,14.2,7.6,10.6,12.4,5.3,0.2,0.2,0,13.4,33.1,10.68,51,drizzle_light,51,134.8,36,22,Agatha Christie,29.0,Для никого,Agatha Christie,#7A2A2A,0.452,23,13,0,13,0,#2C93DC,1020,700,200,60,60,real
2026-04-24,Friday,6130,Şeyma’s iPhone,16.6,8.3,12.3,15.5,6.6,0.0,0.0,0,12.8,33.8,12.81,2,partly_cloudy,62,120.2,38,31,Kino,8.5,ПРОСТИ МЕНЯ МОЯ ЛЮБОВЬ,Zemfira,#C81E3A,0.512,21,11,0,40,0.1,#DC2C6D,1140,730,260,100,50,real
2026-04-25,Saturday,14362,Şeyma’s iPhone,21.8,8.6,15.1,21.1,7.0,0.0,0.0,0,15.4,37.4,12.79,3,overcast,130,219.2,45,25,Kino,43.7,ПРОСТИ МЕНЯ МОЯ ЛЮБОВЬ,Zemfira,#C81E3A,0.841,10,8,32,6,0,#DC2C6D,1320,720,380,130,90,real
2026-04-26,Sunday,5606,Şeyma’s iPhone,23.5,9.1,16.1,22.0,7.6,0.0,0.0,0,9.1,26.6,13.12,0,clear,83,154.5,35,4,Lady Gaga,141.7,24/7,ALIZADE,#1A1A1A,0.06,47,0,0,11,0,#812CDC,960,478,230,110,142,real
2026-04-27,Monday,9235,Şeyma’s iPhone,16.0,9.9,13.3,14.1,6.4,0.0,0.0,0,28.8,61.9,13.19,0,clear,118,158.1,50,28,Lady Gaga,41.9,Целуй меня,Марія Чайковська,#BDBDBD,0.5,26,0,25,0,0.0,#DCB02C,1020,640,240,70,70,real
2026-04-28,Tuesday,6379,Şeyma’s iPhone,17.4,7.3,11.9,16.1,4.9,0.0,0.0,0,14.7,38.9,13.44,1,mostly_clear,13,22.3,7,6,Britney Spears,6.6,Circus (Deluxe Version),Britney Spears,#E5C36A,0.286,5,0,0,0,0,#72DC2C,1020,620,280,50,70,real
2026-04-29,Wednesday,6619,Şeyma’s iPhone,19.5,7.1,12.9,18.6,5.2,0.0,0.0,0,13.6,33.5,13.43,3,overcast,75,188.0,56,39,The Cardigans,25.1,Heligoland,Massive Attack,#F3961D,0.5,28,17,7,11,0,#DC752C,1320,800,360,80,80,real
2026-04-30,Thursday,5620,Şeyma’s iPhone,16.5,8.6,12.3,14.4,6.0,0.1,0.1,0,17.5,44.6,12.87,51,drizzle_light,17,36.0,12,10,Labrinth,5.8,Pure Heroine,Lorde,#E8B6C2,0.308,9,6,1,25,0,#2CDC41,600,280,220,60,40,real
2026-05-01,Friday,4986,Şeyma’s iPhone,11.4,8.6,9.5,8.8,4.9,15.2,15.2,0,21.6,48.2,0.0,63,rain,64,155.8,49,41,NF,19.5,Целуй меня,Марія Чайковська,#BDBDBD,0.283,38,8,17,14,0,#DCB02C,600,250,240,70,40,real
2026-05-02,Saturday,2966,Şeyma’s iPhone,12.8,7.0,9.4,8.6,3.5,0.4,0.4,0,22.3,52.6,8.25,51,drizzle_light,46,125.9,32,22,Sonic Youth,17.0,"Stories From The City, Stories From The Sea",PJ Harvey,#C44A22,0.844,5,11,0,27,0,#8D2CDC,600,220,280,70,30,real
2026-05-03,Sunday,7425,Şeyma’s iPhone,11.6,7.7,9.5,6.4,3.8,6.9,6.9,0,31.8,72.4,4.06,63,rain,90,212.2,55,30,Lady Gaga,49.6,Последний герой,Kino,#D81E1E,0.492,31,9,7,0,0,#DC2C7B,420,188,194,77,0,real
2026-05-04,Monday,9802,Şeyma’s iPhone,14.6,10.1,11.6,9.9,5.1,1.0,1.0,0,24.6,55.1,2.54,53,drizzle,204,306.3,79,26,BEGE,168.3,BEGEFENDİ,BEGE,#6E3BD1,0.445,66,21,39,39,0.3,#722CDC,1020,580,170,110,160,real
2026-05-05,Tuesday,10596,Şeyma’s iPhone,15.6,10.2,12.5,13.4,8.3,0.1,0.1,0,14.5,36.4,7.98,51,drizzle_light,113,171.1,52,17,Hayko Cepkin,65.7,BEGEFENDİ,BEGE,#6E3BD1,0.431,33,24,25,16,0.0,#722CDC,1020,600,160,110,150,real
2026-05-06,Wednesday,12059,Şeyma’s iPhone,19.5,6.9,13.7,18.7,5.4,0.0,0.0,0,9.9,27.7,13.99,3,overcast,164,334.8,83,42,BEGE,80.6,BEGEFENDİ,BEGE,#6E3BD1,0.504,56,0,53,33,4.2,#722CDC,960,540,150,90,180,real
2026-05-07,Thursday,6846,Şeyma’s iPhone,23.8,8.1,16.6,22.5,7.0,0.0,0.0,0,11.5,32.4,14.0,1,mostly_clear,,,,,,,,,,,,,,,,,720,420,130,70,100,real
2026-05-08,Friday,10806,Şeyma’s iPhone,25.9,12.9,19.6,24.7,12.3,0.3,0.3,0,14.4,38.5,9.17,51,drizzle_light,,,,,,,,,,,,,,,,,540,250,130,50,110,real
2026-05-09,Saturday,7927,Şeyma’s iPhone,24.9,15.7,19.8,24.2,15.2,2.9,2.9,0,13.4,36.7,13.3,61,rain_light,,,,,,,,,,,,,,,,,660,270,150,70,170,real
2026-05-10,Sunday,8193,Şeyma’s iPhone,24.8,15.2,19.5,26.1,15.7,0.2,0.2,0,12.7,34.6,13.61,51,drizzle_light,,,,,,,,,,,,,,,,,540,158,102,82,198,real
2026-05-11,Monday,9364,Şeyma’s iPhone,26.8,16.0,21.6,27.4,16.4,0.0,0.0,0,11.9,33.1,13.0,3,overcast,,,,,,,,,,,,,,,,,600,270,170,40,120,real
2026-05-12,Tuesday,1314,Şeyma’s iPhone,28.4,17.6,22.5,27.3,17.5,0.2,0.2,0,24.0,56.2,14.0,51,drizzle_light,,,,,,,,,,,,,,,,,720,320,200,40,160,real
2026-05-13,Wednesday,,,23.8,15.9,19.7,24.6,13.3,0.4,0.4,0,16.8,41.4,14.0,51,drizzle_light,,,,,,,,,,,,,,,,,720,360,210,35,115,real
2026-05-14,Thursday,,,18.5,11.9,14.9,17.0,9.8,0.5,0.5,0,21.0,48.6,10.86,51,drizzle_light,,,,,,,,,,,,,,,,,840,380,240,40,180,real
2026-05-15,Friday,,,21.1,9.6,16.0,21.2,8.9,0.0,0.0,0,11.2,33.1,14.0,2,partly_cloudy,,,,,,,,,,,,,,,,,420,200,140,25,55,real
2026-05-16,Saturday,,,26.0,13.8,20.3,25.0,12.1,2.4,2.4,0,22.7,47.9,12.74,61,rain_light,,,,,,,,,,,,,,,,,420,180,150,25,65,real
2026-05-17,Sunday,,,21.4,14.4,17.2,20.4,13.4,8.3,8.3,0,23.6,56.2,13.06,61,rain_light,,,,,,,,,,,,,,,,,1330,334,472,73,451,real
2026-05-18,Monday,,,20.3,12.7,16.8,20.0,12.1,0.7,0.7,0,12.8,35.3,14.0,51,drizzle_light,,,,,,,,,,,,,,,,,1102,515,238,64,285,real
