date,weekday,steps,primary_source,all_sources
2025-08-26,Tuesday,514,Şeymanur’s iPhone,Şeymanur’s iPhone
2025-08-27,Wednesday,4709,Şeyma’s iPhone,Şeyma’s iPhone
2025-08-28,Thursday,7992,Şeyma’s iPhone,Şeyma’s iPhone
2025-08-29,Friday,18386,Şeyma’s iPhone,Şeyma’s iPhone
2025-08-30,Saturday,20851,Şeyma’s iPhone,Şeyma’s iPhone
2025-08-31,Sunday,8249,Şeyma’s iPhone,Şeyma’s iPhone
2025-09-01,Monday,10071,Şeyma’s iPhone,Şeyma’s iPhone
2025-09-02,Tuesday,7472,Şeyma’s iPhone,Şeyma’s iPhone
2025-09-03,Wednesday,7086,Şeyma’s iPhone,Şeyma’s iPhone
2025-09-04,Thursday,7118,Şeyma’s iPhone,Şeyma’s iPhone
2025-09-05,Friday,4832,Şeyma’s iPhone,Şeyma’s iPhone
2025-09-06,Saturday,2437,Şeyma’s iPhone,Şeyma’s iPhone
2025-09-07,Sunday,4027,Şeyma’s iPhone,Şeyma’s iPhone
2025-09-08,Monday,6651,Şeyma’s iPhone,Şeyma’s iPhone
2025-09-09,Tuesday,11224,Şeyma’s iPhone,Şeyma’s iPhone
2025-09-10,Wednesday,9519,Şeyma’s iPhone,Şeyma’s iPhone
2025-09-11,Thursday,6561,Şeyma’s iPhone,Şeyma’s iPhone
2025-09-12,Friday,8166,Şeyma’s iPhone,Şeyma’s iPhone
2025-09-13,Saturday,16055,Şeyma’s iPhone,Şeyma’s iPhone
2025-09-14,Sunday,12176,Şeyma’s iPhone,Şeyma’s iPhone
2025-09-15,Monday,2957,Şeyma’s iPhone,Şeyma’s iPhone
2025-09-16,Tuesday,6780,Şeyma’s iPhone,Şeyma’s iPhone
2025-09-17,Wednesday,5945,Şeyma’s iPhone,Şeyma’s iPhone
2025-09-18,Thursday,3753,Şeyma’s iPhone,Şeyma’s iPhone
2025-09-19,Friday,1665,Şeyma’s iPhone,Şeyma’s iPhone
2025-09-20,Saturday,4055,Şeyma’s iPhone,Şeyma’s iPhone
2025-09-21,Sunday,14686,Şeyma’s iPhone,Şeyma’s iPhone
2025-09-22,Monday,8961,Şeyma’s iPhone,Şeyma’s iPhone
2025-09-23,Tuesday,5247,Şeyma’s iPhone,Şeyma’s iPhone
2025-09-24,Wednesday,2196,Şeyma’s iPhone,Şeyma’s iPhone
2025-09-25,Thursday,5389,Şeyma’s iPhone,Şeyma’s iPhone
2025-09-26,Friday,488,Şeyma’s iPhone,Şeyma’s iPhone
2025-09-27,Saturday,679,Şeyma’s iPhone,Şeyma’s iPhone
2025-09-28,Sunday,2862,Şeyma’s iPhone,Şeyma’s iPhone
2025-09-29,Monday,6767,Şeyma’s iPhone,Şeyma’s iPhone
2025-09-30,Tuesday,4791,Şeyma’s iPhone,Şeyma’s iPhone
2025-10-01,Wednesday,8803,Şeyma’s iPhone,Şeyma’s iPhone
2025-10-02,Thursday,7874,Şeyma’s iPhone,Şeyma’s iPhone
2025-10-03,Friday,4929,Şeyma’s iPhone,Şeyma’s iPhone
2025-10-04,Saturday,14318,Şeyma’s iPhone,Şeyma’s iPhone
2025-10-05,Sunday,7422,Şeyma’s iPhone,Şeyma’s iPhone
2025-10-06,Monday,12395,Şeyma’s iPhone,Şeyma’s iPhone
2025-10-07,Tuesday,12310,Şeyma’s iPhone,Şeyma’s iPhone
2025-10-08,Wednesday,13409,Şeyma’s iPhone,Şeyma’s iPhone
2025-10-09,Thursday,14168,Şeyma’s iPhone,Şeyma’s iPhone
2025-10-10,Friday,11411,Şeyma’s iPhone,Şeyma’s iPhone
2025-10-11,Saturday,5463,Şeyma’s iPhone,Şeyma’s iPhone
2025-10-12,Sunday,5862,Şeyma’s iPhone,Şeyma’s iPhone
2025-10-13,Monday,11830,Şeyma’s iPhone,Şeyma’s iPhone
2025-10-14,Tuesday,12911,Şeyma’s iPhone,Şeyma’s iPhone
2025-10-15,Wednesday,12127,Şeyma’s iPhone,Şeyma’s iPhone
2025-10-16,Thursday,9866,Şeyma’s iPhone,Şeyma’s iPhone
2025-10-17,Friday,9536,Şeyma’s iPhone,Şeyma’s iPhone
2025-10-18,Saturday,13464,Şeyma’s iPhone,Şeyma’s iPhone
2025-10-19,Sunday,5256,Şeyma’s iPhone,Şeyma’s iPhone
2025-10-20,Monday,7437,Şeyma’s iPhone,Şeyma’s iPhone
2025-10-21,Tuesday,9971,Şeyma’s iPhone,Şeyma’s iPhone
2025-10-22,Wednesday,6965,Şeyma’s iPhone,Şeyma’s iPhone
2025-10-23,Thursday,9527,Şeyma’s iPhone,Şeyma’s iPhone
2025-10-24,Friday,7013,Şeyma’s iPhone,Şeyma’s iPhone
2025-10-25,Saturday,5469,Şeyma’s iPhone,Şeyma’s iPhone
2025-10-26,Sunday,8259,Şeyma’s iPhone,Şeyma’s iPhone
2025-10-27,Monday,8596,Şeyma’s iPhone,Şeyma’s iPhone
2025-10-28,Tuesday,7514,Şeyma’s iPhone,Şeyma’s iPhone
2025-10-29,Wednesday,12541,Şeyma’s iPhone,Şeyma’s iPhone
2025-10-30,Thursday,12313,Şeyma’s iPhone,Şeyma’s iPhone
2025-10-31,Friday,9356,Şeyma’s iPhone,Şeyma’s iPhone
2025-11-01,Saturday,5262,Şeyma’s iPhone,Şeyma’s iPhone
2025-11-02,Sunday,5598,Şeyma’s iPhone,Şeyma’s iPhone
2025-11-03,Monday,8979,Şeyma’s iPhone,Şeyma’s iPhone
2025-11-04,Tuesday,12961,Şeyma’s iPhone,Şeyma’s iPhone
2025-11-05,Wednesday,10505,Şeyma’s iPhone,Şeyma’s iPhone
2025-11-06,Thursday,5032,Şeyma’s iPhone,Şeyma’s iPhone
2025-11-07,Friday,411,Şeyma’s iPhone,Şeyma’s iPhone
2025-11-08,Saturday,5497,Şeyma’s iPhone,Şeyma’s iPhone
2025-11-09,Sunday,2077,Şeyma’s iPhone,Şeyma’s iPhone
2025-11-10,Monday,9845,Şeyma’s iPhone,Şeyma’s iPhone
2025-11-11,Tuesday,15140,Şeyma’s iPhone,Şeyma’s iPhone
2025-11-12,Wednesday,7630,Şeyma’s iPhone,Şeyma’s iPhone
2025-11-13,Thursday,8498,Şeyma’s iPhone,Şeyma’s iPhone
2025-11-14,Friday,9394,Şeyma’s iPhone,Şeyma’s iPhone
2025-11-15,Saturday,7984,Şeyma’s iPhone,Şeyma’s iPhone
2025-11-16,Sunday,4805,Şeyma’s iPhone,Şeyma’s iPhone
2025-11-17,Monday,14536,Şeyma’s iPhone,Şeyma’s iPhone
2025-11-18,Tuesday,7409,Şeyma’s iPhone,Şeyma’s iPhone
2025-11-19,Wednesday,6698,Şeyma’s iPhone,Şeyma’s iPhone
2025-11-20,Thursday,10895,Şeyma’s iPhone,Şeyma’s iPhone
2025-11-21,Friday,14450,Şeyma’s iPhone,Şeyma’s iPhone
2025-11-22,Saturday,5717,Şeyma’s iPhone,Şeyma’s iPhone
2025-11-23,Sunday,5670,Şeyma’s iPhone,Şeyma’s iPhone
2025-11-24,Monday,10250,Şeyma’s iPhone,Şeyma’s iPhone
2025-11-25,Tuesday,10092,Şeyma’s iPhone,Şeyma’s iPhone
2025-11-26,Wednesday,12376,Şeyma’s iPhone,Şeyma’s iPhone
2025-11-27,Thursday,10251,Şeyma’s iPhone,Şeyma’s iPhone
2025-11-28,Friday,15047,Şeyma’s iPhone,Şeyma’s iPhone
2025-11-29,Saturday,6954,Şeyma’s iPhone,Şeyma’s iPhone
2025-11-30,Sunday,8226,Şeyma’s iPhone,Şeyma’s iPhone
2025-12-01,Monday,14102,Şeyma’s iPhone,Şeyma’s iPhone
2025-12-02,Tuesday,10466,Şeyma’s iPhone,Şeyma’s iPhone
2025-12-03,Wednesday,18172,Şeyma’s iPhone,Şeyma’s iPhone
2025-12-04,Thursday,7526,Şeyma’s iPhone,Şeyma’s iPhone
2025-12-05,Friday,9589,Şeyma’s iPhone,Şeyma’s iPhone
2025-12-06,Saturday,5119,Şeyma’s iPhone,Şeyma’s iPhone
2025-12-07,Sunday,7042,Şeyma’s iPhone,Şeyma’s iPhone
2025-12-08,Monday,10409,Şeyma’s iPhone,Şeyma’s iPhone
2025-12-09,Tuesday,10030,Şeyma’s iPhone,Şeyma’s iPhone
2025-12-10,Wednesday,5519,Şeyma’s iPhone,Şeyma’s iPhone
2025-12-11,Thursday,8190,Şeyma’s iPhone,Şeyma’s iPhone
2025-12-12,Friday,8915,Şeyma’s iPhone,Şeyma’s iPhone
2025-12-13,Saturday,9790,Şeyma’s iPhone,Şeyma’s iPhone
2025-12-14,Sunday,12360,Şeyma’s iPhone,Şeyma’s iPhone
2025-12-15,Monday,12434,Şeyma’s iPhone,Şeyma’s iPhone
2025-12-16,Tuesday,8773,Şeyma’s iPhone,Şeyma’s iPhone
2025-12-17,Wednesday,8523,Şeyma’s iPhone,Şeyma’s iPhone
2025-12-18,Thursday,9769,Şeyma’s iPhone,Şeyma’s iPhone
2025-12-19,Friday,10357,Şeyma’s iPhone,Şeyma’s iPhone
2025-12-20,Saturday,2045,Şeyma’s iPhone,Şeyma’s iPhone
2025-12-21,Sunday,4048,Şeyma’s iPhone,Şeyma’s iPhone
2025-12-22,Monday,7842,Şeyma’s iPhone,Şeyma’s iPhone
2025-12-23,Tuesday,3092,Şeyma’s iPhone,Şeyma’s iPhone
2025-12-24,Wednesday,9455,Şeyma’s iPhone,Şeyma’s iPhone
2025-12-25,Thursday,18302,Şeyma’s iPhone,Şeyma’s iPhone
2025-12-26,Friday,6776,Şeyma’s iPhone,Şeyma’s iPhone
2025-12-27,Saturday,4312,Şeyma’s iPhone,Şeyma’s iPhone
2025-12-28,Sunday,3472,Şeyma’s iPhone,Şeyma’s iPhone
2025-12-29,Monday,6961,Şeyma’s iPhone,Şeyma’s iPhone
2025-12-30,Tuesday,6992,Şeyma’s iPhone,Şeyma’s iPhone
2025-12-31,Wednesday,5131,Şeyma’s iPhone,Şeyma’s iPhone
2026-01-01,Thursday,5629,Şeyma’s iPhone,Şeyma’s iPhone
2026-01-02,Friday,7088,Şeyma’s iPhone,Şeyma’s iPhone
2026-01-03,Saturday,3203,Şeyma’s iPhone,Şeyma’s iPhone
2026-01-04,Sunday,1404,Şeyma’s iPhone,Şeyma’s iPhone
2026-01-05,Monday,5684,Şeyma’s iPhone,Şeyma’s iPhone
2026-01-06,Tuesday,9920,Şeyma’s iPhone,Şeyma’s iPhone
2026-01-07,Wednesday,9660,Şeyma’s iPhone,Şeyma’s iPhone
2026-01-08,Thursday,6576,Şeyma’s iPhone,Şeyma’s iPhone
2026-01-09,Friday,8183,Şeyma’s iPhone,Şeyma’s iPhone
2026-01-10,Saturday,7105,Şeyma’s iPhone,Şeyma’s iPhone
2026-01-11,Sunday,15205,Şeyma’s iPhone,Şeyma’s iPhone
2026-01-12,Monday,10952,Şeyma’s iPhone,Şeyma’s iPhone
2026-01-13,Tuesday,9062,Şeyma’s iPhone,Şeyma’s iPhone
2026-01-14,Wednesday,7481,Şeyma’s iPhone,Şeyma’s iPhone
2026-01-15,Thursday,13624,Şeyma’s iPhone,Şeyma’s iPhone
2026-01-16,Friday,12384,Şeyma’s iPhone,Şeyma’s iPhone
2026-01-17,Saturday,9802,Şeyma’s iPhone,Şeyma’s iPhone
2026-01-18,Sunday,11684,Şeyma’s iPhone,Şeyma’s iPhone
2026-01-19,Monday,7040,Şeyma’s iPhone,Şeyma’s iPhone
2026-01-20,Tuesday,5554,Şeyma’s iPhone,Şeyma’s iPhone
2026-01-21,Wednesday,7042,Şeyma’s iPhone,Şeyma’s iPhone
2026-01-22,Thursday,5672,Şeyma’s iPhone,Şeyma’s iPhone
2026-01-23,Friday,6654,Şeyma’s iPhone,Şeyma’s iPhone
2026-01-24,Saturday,5776,Şeyma’s iPhone,Şeyma’s iPhone
2026-01-25,Sunday,13419,Şeyma’s iPhone,Şeyma’s iPhone
2026-01-26,Monday,4453,Şeyma’s iPhone,Şeyma’s iPhone
2026-01-27,Tuesday,381,Şeyma’s iPhone,Şeyma’s iPhone
2026-01-28,Wednesday,5622,Şeyma’s iPhone,Şeyma’s iPhone
2026-01-29,Thursday,647,Şeyma’s iPhone,Şeyma’s iPhone
2026-01-30,Friday,3673,Şeyma’s iPhone,Şeyma’s iPhone
2026-01-31,Saturday,8278,Şeyma’s iPhone,Şeyma’s iPhone
2026-02-01,Sunday,5626,Şeyma’s iPhone,Şeyma’s iPhone
2026-02-02,Monday,2948,Şeyma’s iPhone,Şeyma’s iPhone
2026-02-03,Tuesday,2531,Şeyma’s iPhone,Şeyma’s iPhone
2026-02-04,Wednesday,8661,Şeyma’s iPhone,Şeyma’s iPhone
2026-02-05,Thursday,6756,Şeyma’s iPhone,Şeyma’s iPhone
2026-02-06,Friday,5109,Şeyma’s iPhone,Şeyma’s iPhone
2026-02-07,Saturday,4691,Şeyma’s iPhone,Şeyma’s iPhone
2026-02-08,Sunday,5786,Şeyma’s iPhone,Şeyma’s iPhone
2026-02-09,Monday,4689,Şeyma’s iPhone,Şeyma’s iPhone
2026-02-10,Tuesday,9419,Şeyma’s iPhone,Şeyma’s iPhone
2026-02-11,Wednesday,5549,Şeyma’s iPhone,Şeyma’s iPhone
2026-02-12,Thursday,6415,Şeyma’s iPhone,Şeyma’s iPhone
2026-02-13,Friday,14858,Şeyma’s iPhone,Şeyma’s iPhone
2026-02-14,Saturday,10535,Şeyma’s iPhone,Şeyma’s iPhone
2026-02-15,Sunday,8861,Şeyma’s iPhone,Şeyma’s iPhone
2026-02-16,Monday,8179,Şeyma’s iPhone,Şeyma’s iPhone
2026-02-17,Tuesday,4814,Şeyma’s iPhone,Şeyma’s iPhone
2026-02-18,Wednesday,8497,Şeyma’s iPhone,Şeyma’s iPhone
2026-02-19,Thursday,9827,Şeyma’s iPhone,Şeyma’s iPhone
2026-02-20,Friday,11229,Şeyma’s iPhone,Şeyma’s iPhone
2026-02-21,Saturday,8565,Şeyma’s iPhone,Şeyma’s iPhone
2026-02-22,Sunday,6020,Şeyma’s iPhone,Şeyma’s iPhone
2026-02-23,Monday,13161,Şeyma’s iPhone,Şeyma’s iPhone
2026-02-24,Tuesday,9746,Şeyma’s iPhone,Şeyma’s iPhone
2026-02-25,Wednesday,2320,Şeyma’s iPhone,Şeyma’s iPhone
2026-02-26,Thursday,8014,Şeyma’s iPhone,Şeyma’s iPhone
2026-02-27,Friday,6558,Şeyma’s iPhone,Şeyma’s iPhone
2026-02-28,Saturday,4814,Şeyma’s iPhone,Şeyma’s iPhone
2026-03-01,Sunday,7393,Şeyma’s iPhone,Şeyma’s iPhone
2026-03-02,Monday,9756,Şeyma’s iPhone,Şeyma’s iPhone
2026-03-03,Tuesday,4961,Şeyma’s iPhone,Şeyma’s iPhone
2026-03-04,Wednesday,5786,Şeyma’s iPhone,Şeyma’s iPhone
2026-03-05,Thursday,12514,Şeyma’s iPhone,Şeyma’s iPhone
2026-03-06,Friday,15448,Şeyma’s iPhone,Şeyma’s iPhone
2026-03-07,Saturday,8566,Şeyma’s iPhone,Şeyma’s iPhone
2026-03-08,Sunday,3400,Şeyma’s iPhone,Şeyma’s iPhone
2026-03-09,Monday,6260,Şeyma’s iPhone,Şeyma’s iPhone
2026-03-10,Tuesday,9770,Şeyma’s iPhone,Şeyma’s iPhone
2026-03-11,Wednesday,12078,Şeyma’s iPhone,Şeyma’s iPhone
2026-03-12,Thursday,9185,Şeyma’s iPhone,Şeyma’s iPhone
2026-03-13,Friday,5087,Şeyma’s iPhone,Şeyma’s iPhone
2026-03-14,Saturday,5969,Şeyma’s iPhone,Şeyma’s iPhone
2026-03-15,Sunday,3893,Şeyma’s iPhone,Şeyma’s iPhone
2026-03-16,Monday,9558,Şeyma’s iPhone,Şeyma’s iPhone
2026-03-17,Tuesday,9873,Şeyma’s iPhone,Şeyma’s iPhone
2026-03-18,Wednesday,5223,Şeyma’s iPhone,Şeyma’s iPhone
2026-03-19,Thursday,5859,Şeyma’s iPhone,Şeyma’s iPhone
2026-03-20,Friday,935,Şeyma’s iPhone,Şeyma’s iPhone
2026-03-21,Saturday,412,Şeyma’s iPhone,Şeyma’s iPhone
2026-03-22,Sunday,4468,Şeyma’s iPhone,Şeyma’s iPhone
2026-03-23,Monday,8121,Şeyma’s iPhone,Şeyma’s iPhone
2026-03-24,Tuesday,8217,Şeyma’s iPhone,Şeyma’s iPhone
2026-03-25,Wednesday,12193,Şeyma’s iPhone,Şeyma’s iPhone
2026-03-26,Thursday,9118,Şeyma’s iPhone,Şeyma’s iPhone
2026-03-27,Friday,6999,Şeyma’s iPhone,Şeyma’s iPhone
2026-03-28,Saturday,9435,Şeyma’s iPhone,Şeyma’s iPhone
2026-03-29,Sunday,8319,Şeyma’s iPhone,Şeyma’s iPhone
2026-03-30,Monday,6639,Şeyma’s iPhone,Şeyma’s iPhone
2026-03-31,Tuesday,10469,Şeyma’s iPhone,Şeyma’s iPhone
2026-04-01,Wednesday,5372,Şeyma’s iPhone,Şeyma’s iPhone
2026-04-02,Thursday,7728,Şeyma’s iPhone,Şeyma’s iPhone
2026-04-03,Friday,11270,Şeyma’s iPhone,Şeyma’s iPhone
2026-04-04,Saturday,11375,Şeyma’s iPhone,Şeyma’s iPhone
2026-04-05,Sunday,12969,Şeyma’s iPhone,Şeyma’s iPhone
2026-04-06,Monday,5858,Şeyma’s iPhone,Şeyma’s iPhone
2026-04-07,Tuesday,6638,Şeyma’s iPhone,Şeyma’s iPhone
2026-04-08,Wednesday,5803,Şeyma’s iPhone,Şeyma’s iPhone
2026-04-09,Thursday,9145,Şeyma’s iPhone,Şeyma’s iPhone
2026-04-10,Friday,5944,Şeyma’s iPhone,Şeyma’s iPhone
2026-04-11,Saturday,10901,Şeyma’s iPhone,Şeyma’s iPhone
2026-04-12,Sunday,5457,Şeyma’s iPhone,Şeyma’s iPhone
2026-04-13,Monday,10234,Şeyma’s iPhone,Şeyma’s iPhone
2026-04-14,Tuesday,9353,Şeyma’s iPhone,Şeyma’s iPhone
2026-04-15,Wednesday,8027,Şeyma’s iPhone,Şeyma’s iPhone
2026-04-16,Thursday,8919,Şeyma’s iPhone,Şeyma’s iPhone
2026-04-17,Friday,7668,Şeyma’s iPhone,Şeyma’s iPhone
2026-04-18,Saturday,5096,Şeyma’s iPhone,Şeyma’s iPhone
2026-04-19,Sunday,4978,Şeyma’s iPhone,Şeyma’s iPhone
2026-04-20,Monday,12616,Şeyma’s iPhone,Şeyma’s iPhone
2026-04-21,Tuesday,6536,Şeyma’s iPhone,Şeyma’s iPhone
2026-04-22,Wednesday,3864,Şeyma’s iPhone,Şeyma’s iPhone
2026-04-23,Thursday,5763,Şeyma’s iPhone,Şeyma’s iPhone
2026-04-24,Friday,6130,Şeyma’s iPhone,Şeyma’s iPhone
2026-04-25,Saturday,14362,Şeyma’s iPhone,Şeyma’s iPhone
2026-04-26,Sunday,5606,Şeyma’s iPhone,Şeyma’s iPhone
2026-04-27,Monday,9235,Şeyma’s iPhone,Şeyma’s iPhone
2026-04-28,Tuesday,6379,Şeyma’s iPhone,Şeyma’s iPhone
2026-04-29,Wednesday,6619,Şeyma’s iPhone,Şeyma’s iPhone
2026-04-30,Thursday,5620,Şeyma’s iPhone,Şeyma’s iPhone
2026-05-01,Friday,4986,Şeyma’s iPhone,Şeyma’s iPhone
2026-05-02,Saturday,2966,Şeyma’s iPhone,Şeyma’s iPhone
2026-05-03,Sunday,7425,Şeyma’s iPhone,Şeyma’s iPhone
2026-05-04,Monday,9802,Şeyma’s iPhone,Şeyma’s iPhone
2026-05-05,Tuesday,10596,Şeyma’s iPhone,Şeyma’s iPhone
2026-05-06,Wednesday,12059,Şeyma’s iPhone,Şeyma’s iPhone
2026-05-07,Thursday,6846,Şeyma’s iPhone,Şeyma’s iPhone
2026-05-08,Friday,10806,Şeyma’s iPhone,Şeyma’s iPhone
2026-05-09,Saturday,7927,Şeyma’s iPhone,Şeyma’s iPhone
2026-05-10,Sunday,8193,Şeyma’s iPhone,Şeyma’s iPhone
2026-05-11,Monday,9364,Şeyma’s iPhone,Şeyma’s iPhone
2026-05-12,Tuesday,1314,Şeyma’s iPhone,Şeyma’s iPhone
